2025-10-31 17:14:50,942 - app.services.tushare_daily_service - INFO - 开始同步三年历史数据: 20221101 - 20251031
2025-10-31 17:14:50,943 - app.services.tushare_daily_service - INFO - 同步交易日历: 20221101 - 20251031
2025-10-31 17:14:51,465 - app.services.tushare_daily_service - INFO - 同步股票基础信息
2025-10-31 17:14:51,708 - app.services.tushare_daily_service - INFO - 开始同步每日行情数据: trade_date=None, start_date=20221101, end_date=20251031
2025-10-31 17:14:51,708 - app.services.tushare_daily_service - INFO - 限制股票数量为100只: 100
2025-10-31 17:15:22,560 - app.services.tushare_daily_service - INFO - 每日行情数据同步完成: 总计78400条记录
2025-10-31 17:15:22,576 - app.services.tushare_daily_service - INFO - 同步每日指标: 20221101 - 20251031
2025-10-31 17:15:22,585 - app.services.strategy_database_service - ERROR - 数据库连接失败: 'str' object has no attribute 'strftime'
2025-10-31 17:15:22,585 - app.services.tushare_daily_service - ERROR - 获取交易日期失败: 'str' object has no attribute 'strftime'
2025-10-31 17:15:22,786 - app.services.strategy_database_service - ERROR - 数据库连接失败: 'str' object has no attribute 'strftime'
2025-10-31 17:15:22,786 - app.services.tushare_daily_service - ERROR - 获取交易日期失败: 'str' object has no attribute 'strftime'
2025-10-31 17:15:23,034 - app.services.strategy_database_service - ERROR - 数据库连接失败: 'str' object has no attribute 'strftime'
2025-10-31 17:15:23,035 - app.services.tushare_daily_service - ERROR - 获取交易日期失败: 'str' object has no attribute 'strftime'
2025-10-31 17:15:23,313 - app.services.strategy_database_service - ERROR - 数据库连接失败: 'str' object has no attribute 'strftime'
2025-10-31 17:15:23,314 - app.services.tushare_daily_service - ERROR - 获取交易日期失败: 'str' object has no attribute 'strftime'
2025-10-31 17:15:23,576 - app.services.strategy_database_service - ERROR - 数据库连接失败: 'str' object has no attribute 'strftime'
2025-10-31 17:15:23,577 - app.services.tushare_daily_service - ERROR - 获取交易日期失败: 'str' object has no attribute 'strftime'
2025-10-31 17:15:23,827 - app.services.strategy_database_service - ERROR - 数据库连接失败: 'str' object has no attribute 'strftime'
2025-10-31 17:15:23,827 - app.services.tushare_daily_service - ERROR - 获取交易日期失败: 'str' object has no attribute 'strftime'
2025-10-31 17:15:24,092 - app.services.strategy_database_service - ERROR - 数据库连接失败: 'str' object has no attribute 'strftime'
2025-10-31 17:15:24,093 - app.services.tushare_daily_service - ERROR - 获取交易日期失败: 'str' object has no attribute 'strftime'
2025-10-31 17:15:24,341 - app.services.strategy_database_service - ERROR - 数据库连接失败: 'str' object has no attribute 'strftime'
2025-10-31 17:15:24,341 - app.services.tushare_daily_service - ERROR - 获取交易日期失败: 'str' object has no attribute 'strftime'
2025-10-31 17:15:24,590 - app.services.strategy_database_service - ERROR - 数据库连接失败: 'str' object has no attribute 'strftime'
2025-10-31 17:15:24,590 - app.services.tushare_daily_service - ERROR - 获取交易日期失败: 'str' object has no attribute 'strftime'
2025-10-31 17:15:24,870 - app.services.strategy_database_service - ERROR - 数据库连接失败: 'str' object has no attribute 'strftime'
2025-10-31 17:15:24,870 - app.services.tushare_daily_service - ERROR - 获取交易日期失败: 'str' object has no attribute 'strftime'
2025-10-31 17:15:25,149 - app.services.strategy_database_service - ERROR - 数据库连接失败: 'str' object has no attribute 'strftime'
2025-10-31 17:15:25,150 - app.services.tushare_daily_service - ERROR - 获取交易日期失败: 'str' object has no attribute 'strftime'
2025-10-31 17:15:25,429 - app.services.strategy_database_service - ERROR - 数据库连接失败: 'str' object has no attribute 'strftime'
2025-10-31 17:15:25,429 - app.services.tushare_daily_service - ERROR - 获取交易日期失败: 'str' object has no attribute 'strftime'
2025-10-31 17:15:25,679 - app.services.strategy_database_service - ERROR - 数据库连接失败: 'str' object has no attribute 'strftime'
2025-10-31 17:15:25,680 - app.services.tushare_daily_service - ERROR - 获取交易日期失败: 'str' object has no attribute 'strftime'
2025-10-31 17:15:25,960 - app.services.strategy_database_service - ERROR - 数据库连接失败: 'str' object has no attribute 'strftime'
2025-10-31 17:15:25,960 - app.services.tushare_daily_service - ERROR - 获取交易日期失败: 'str' object has no attribute 'strftime'
2025-10-31 17:15:26,244 - app.services.strategy_database_service - ERROR - 数据库连接失败: 'str' object has no attribute 'strftime'
2025-10-31 17:15:26,244 - app.services.tushare_daily_service - ERROR - 获取交易日期失败: 'str' object has no attribute 'strftime'
2025-10-31 17:15:26,536 - app.services.strategy_database_service - ERROR - 数据库连接失败: 'str' object has no attribute 'strftime'
2025-10-31 17:15:26,537 - app.services.tushare_daily_service - ERROR - 获取交易日期失败: 'str' object has no attribute 'strftime'
2025-10-31 17:15:26,787 - app.services.strategy_database_service - ERROR - 数据库连接失败: 'str' object has no attribute 'strftime'
2025-10-31 17:15:26,787 - app.services.tushare_daily_service - ERROR - 获取交易日期失败: 'str' object has no attribute 'strftime'
2025-10-31 17:15:27,066 - app.services.strategy_database_service - ERROR - 数据库连接失败: 'str' object has no attribute 'strftime'
2025-10-31 17:15:27,067 - app.services.tushare_daily_service - ERROR - 获取交易日期失败: 'str' object has no attribute 'strftime'
2025-10-31 17:15:27,346 - app.services.strategy_database_service - ERROR - 数据库连接失败: 'str' object has no attribute 'strftime'
2025-10-31 17:15:27,347 - app.services.tushare_daily_service - ERROR - 获取交易日期失败: 'str' object has no attribute 'strftime'
2025-10-31 17:15:27,639 - app.services.strategy_database_service - ERROR - 数据库连接失败: 'str' object has no attribute 'strftime'
2025-10-31 17:15:27,639 - app.services.tushare_daily_service - ERROR - 获取交易日期失败: 'str' object has no attribute 'strftime'
2025-10-31 17:15:27,871 - app.services.strategy_database_service - ERROR - 数据库连接失败: 'str' object has no attribute 'strftime'
2025-10-31 17:15:27,872 - app.services.tushare_daily_service - ERROR - 获取交易日期失败: 'str' object has no attribute 'strftime'
2025-10-31 17:15:28,106 - app.services.strategy_database_service - ERROR - 数据库连接失败: 'str' object has no attribute 'strftime'
2025-10-31 17:15:28,107 - app.services.tushare_daily_service - ERROR - 获取交易日期失败: 'str' object has no attribute 'strftime'
2025-10-31 17:15:28,370 - app.services.strategy_database_service - ERROR - 数据库连接失败: 'str' object has no attribute 'strftime'
2025-10-31 17:15:28,371 - app.services.tushare_daily_service - ERROR - 获取交易日期失败: 'str' object has no attribute 'strftime'
2025-10-31 17:15:28,678 - app.services.strategy_database_service - ERROR - 数据库连接失败: 'str' object has no attribute 'strftime'
2025-10-31 17:15:28,679 - app.services.tushare_daily_service - ERROR - 获取交易日期失败: 'str' object has no attribute 'strftime'
2025-10-31 17:15:28,942 - app.services.strategy_database_service - ERROR - 数据库连接失败: 'str' object has no attribute 'strftime'
2025-10-31 17:15:28,943 - app.services.tushare_daily_service - ERROR - 获取交易日期失败: 'str' object has no attribute 'strftime'
2025-10-31 17:15:29,193 - app.services.strategy_database_service - ERROR - 数据库连接失败: 'str' object has no attribute 'strftime'
2025-10-31 17:15:29,193 - app.services.tushare_daily_service - ERROR - 获取交易日期失败: 'str' object has no attribute 'strftime'
2025-10-31 17:15:29,425 - app.services.strategy_database_service - ERROR - 数据库连接失败: 'str' object has no attribute 'strftime'
2025-10-31 17:15:29,425 - app.services.tushare_daily_service - ERROR - 获取交易日期失败: 'str' object has no attribute 'strftime'
2025-10-31 17:15:29,691 - app.services.strategy_database_service - ERROR - 数据库连接失败: 'str' object has no attribute 'strftime'
2025-10-31 17:15:29,691 - app.services.tushare_daily_service - ERROR - 获取交易日期失败: 'str' object has no attribute 'strftime'
2025-10-31 17:15:29,941 - app.services.strategy_database_service - ERROR - 数据库连接失败: 'str' object has no attribute 'strftime'
2025-10-31 17:15:29,941 - app.services.tushare_daily_service - ERROR - 获取交易日期失败: 'str' object has no attribute 'strftime'
2025-10-31 17:15:30,192 - app.services.strategy_database_service - ERROR - 数据库连接失败: 'str' object has no attribute 'strftime'
2025-10-31 17:15:30,192 - app.services.tushare_daily_service - ERROR - 获取交易日期失败: 'str' object has no attribute 'strftime'
2025-10-31 17:15:30,468 - app.services.strategy_database_service - ERROR - 数据库连接失败: 'str' object has no attribute 'strftime'
2025-10-31 17:15:30,468 - app.services.tushare_daily_service - ERROR - 获取交易日期失败: 'str' object has no attribute 'strftime'
2025-10-31 17:15:30,733 - app.services.strategy_database_service - ERROR - 数据库连接失败: 'str' object has no attribute 'strftime'
2025-10-31 17:15:30,733 - app.services.tushare_daily_service - ERROR - 获取交易日期失败: 'str' object has no attribute 'strftime'
2025-10-31 17:15:31,013 - app.services.strategy_database_service - ERROR - 数据库连接失败: 'str' object has no attribute 'strftime'
2025-10-31 17:15:31,013 - app.services.tushare_daily_service - ERROR - 获取交易日期失败: 'str' object has no attribute 'strftime'
2025-10-31 17:15:31,278 - app.services.strategy_database_service - ERROR - 数据库连接失败: 'str' object has no attribute 'strftime'
2025-10-31 17:15:31,278 - app.services.tushare_daily_service - ERROR - 获取交易日期失败: 'str' object has no attribute 'strftime'
2025-10-31 17:15:31,543 - app.services.strategy_database_service - ERROR - 数据库连接失败: 'str' object has no attribute 'strftime'
2025-10-31 17:15:31,544 - app.services.tushare_daily_service - ERROR - 获取交易日期失败: 'str' object has no attribute 'strftime'
2025-10-31 17:15:31,807 - app.services.strategy_database_service - ERROR - 数据库连接失败: 'str' object has no attribute 'strftime'
2025-10-31 17:15:31,807 - app.services.tushare_daily_service - ERROR - 获取交易日期失败: 'str' object has no attribute 'strftime'
2025-10-31 17:15:32,070 - app.services.strategy_database_service - ERROR - 数据库连接失败: 'str' object has no attribute 'strftime'
2025-10-31 17:15:32,070 - app.services.tushare_daily_service - ERROR - 获取交易日期失败: 'str' object has no attribute 'strftime'
2025-10-31 17:15:32,334 - app.services.strategy_database_service - ERROR - 数据库连接失败: 'str' object has no attribute 'strftime'
2025-10-31 17:15:32,334 - app.services.tushare_daily_service - ERROR - 获取交易日期失败: 'str' object has no attribute 'strftime'
2025-10-31 17:15:32,599 - app.services.strategy_database_service - ERROR - 数据库连接失败: 'str' object has no attribute 'strftime'
2025-10-31 17:15:32,599 - app.services.tushare_daily_service - ERROR - 获取交易日期失败: 'str' object has no attribute 'strftime'
2025-10-31 17:15:32,864 - app.services.strategy_database_service - ERROR - 数据库连接失败: 'str' object has no attribute 'strftime'
2025-10-31 17:15:32,864 - app.services.tushare_daily_service - ERROR - 获取交易日期失败: 'str' object has no attribute 'strftime'
2025-10-31 17:15:33,127 - app.services.strategy_database_service - ERROR - 数据库连接失败: 'str' object has no attribute 'strftime'
2025-10-31 17:15:33,127 - app.services.tushare_daily_service - ERROR - 获取交易日期失败: 'str' object has no attribute 'strftime'
2025-10-31 17:15:33,375 - app.services.strategy_database_service - ERROR - 数据库连接失败: 'str' object has no attribute 'strftime'
2025-10-31 17:15:33,375 - app.services.tushare_daily_service - ERROR - 获取交易日期失败: 'str' object has no attribute 'strftime'
2025-10-31 17:15:33,623 - app.services.strategy_database_service - ERROR - 数据库连接失败: 'str' object has no attribute 'strftime'
2025-10-31 17:15:33,623 - app.services.tushare_daily_service - ERROR - 获取交易日期失败: 'str' object has no attribute 'strftime'
2025-10-31 17:15:33,841 - app.services.strategy_database_service - ERROR - 数据库连接失败: 'str' object has no attribute 'strftime'
2025-10-31 17:15:33,841 - app.services.tushare_daily_service - ERROR - 获取交易日期失败: 'str' object has no attribute 'strftime'
2025-10-31 17:15:34,087 - app.services.strategy_database_service - ERROR - 数据库连接失败: 'str' object has no attribute 'strftime'
2025-10-31 17:15:34,088 - app.services.tushare_daily_service - ERROR - 获取交易日期失败: 'str' object has no attribute 'strftime'
2025-10-31 17:15:34,336 - app.services.strategy_database_service - ERROR - 数据库连接失败: 'str' object has no attribute 'strftime'
2025-10-31 17:15:34,337 - app.services.tushare_daily_service - ERROR - 获取交易日期失败: 'str' object has no attribute 'strftime'
2025-10-31 17:15:34,631 - app.services.strategy_database_service - ERROR - 数据库连接失败: 'str' object has no attribute 'strftime'
2025-10-31 17:15:34,631 - app.services.tushare_daily_service - ERROR - 获取交易日期失败: 'str' object has no attribute 'strftime'
2025-10-31 17:15:34,881 - app.services.strategy_database_service - ERROR - 数据库连接失败: 'str' object has no attribute 'strftime'
2025-10-31 17:15:34,881 - app.services.tushare_daily_service - ERROR - 获取交易日期失败: 'str' object has no attribute 'strftime'
2025-10-31 17:15:35,130 - app.services.strategy_database_service - ERROR - 数据库连接失败: 'str' object has no attribute 'strftime'
2025-10-31 17:15:35,131 - app.services.tushare_daily_service - ERROR - 获取交易日期失败: 'str' object has no attribute 'strftime'
2025-10-31 17:15:35,408 - app.services.strategy_database_service - ERROR - 数据库连接失败: 'str' object has no attribute 'strftime'
2025-10-31 17:15:35,409 - app.services.tushare_daily_service - ERROR - 获取交易日期失败: 'str' object has no attribute 'strftime'
2025-10-31 17:15:35,669 - app.services.tushare_daily_service - INFO - 同步复权因子: 20221101 - 20251031
2025-10-31 17:15:35,691 - app.services.strategy_database_service - ERROR - 数据库连接失败: 'str' object has no attribute 'strftime'
2025-10-31 17:15:35,691 - app.services.tushare_daily_service - ERROR - 获取交易日期失败: 'str' object has no attribute 'strftime'
2025-10-31 17:15:35,954 - app.services.strategy_database_service - ERROR - 数据库连接失败: 'str' object has no attribute 'strftime'
2025-10-31 17:15:35,954 - app.services.tushare_daily_service - ERROR - 获取交易日期失败: 'str' object has no attribute 'strftime'
2025-10-31 17:15:36,249 - app.services.strategy_database_service - ERROR - 数据库连接失败: 'str' object has no attribute 'strftime'
2025-10-31 17:15:36,249 - app.services.tushare_daily_service - ERROR - 获取交易日期失败: 'str' object has no attribute 'strftime'
2025-10-31 17:15:36,530 - app.services.strategy_database_service - ERROR - 数据库连接失败: 'str' object has no attribute 'strftime'
2025-10-31 17:15:36,531 - app.services.tushare_daily_service - ERROR - 获取交易日期失败: 'str' object has no attribute 'strftime'
2025-10-31 17:15:36,796 - app.services.strategy_database_service - ERROR - 数据库连接失败: 'str' object has no attribute 'strftime'
2025-10-31 17:15:36,797 - app.services.tushare_daily_service - ERROR - 获取交易日期失败: 'str' object has no attribute 'strftime'
2025-10-31 17:15:37,074 - app.services.strategy_database_service - ERROR - 数据库连接失败: 'str' object has no attribute 'strftime'
2025-10-31 17:15:37,074 - app.services.tushare_daily_service - ERROR - 获取交易日期失败: 'str' object has no attribute 'strftime'
2025-10-31 17:15:37,339 - app.services.strategy_database_service - ERROR - 数据库连接失败: 'str' object has no attribute 'strftime'
2025-10-31 17:15:37,340 - app.services.tushare_daily_service - ERROR - 获取交易日期失败: 'str' object has no attribute 'strftime'
2025-10-31 17:15:37,604 - app.services.strategy_database_service - ERROR - 数据库连接失败: 'str' object has no attribute 'strftime'
2025-10-31 17:15:37,605 - app.services.tushare_daily_service - ERROR - 获取交易日期失败: 'str' object has no attribute 'strftime'
2025-10-31 17:15:37,888 - app.services.strategy_database_service - ERROR - 数据库连接失败: 'str' object has no attribute 'strftime'
2025-10-31 17:15:37,889 - app.services.tushare_daily_service - ERROR - 获取交易日期失败: 'str' object has no attribute 'strftime'
2025-10-31 17:15:38,151 - app.services.strategy_database_service - ERROR - 数据库连接失败: 'str' object has no attribute 'strftime'
2025-10-31 17:15:38,151 - app.services.tushare_daily_service - ERROR - 获取交易日期失败: 'str' object has no attribute 'strftime'
2025-10-31 17:15:38,429 - app.services.strategy_database_service - ERROR - 数据库连接失败: 'str' object has no attribute 'strftime'
2025-10-31 17:15:38,429 - app.services.tushare_daily_service - ERROR - 获取交易日期失败: 'str' object has no attribute 'strftime'
2025-10-31 17:15:38,742 - app.services.strategy_database_service - ERROR - 数据库连接失败: 'str' object has no attribute 'strftime'
2025-10-31 17:15:38,742 - app.services.tushare_daily_service - ERROR - 获取交易日期失败: 'str' object has no attribute 'strftime'
2025-10-31 17:15:38,990 - app.services.strategy_database_service - ERROR - 数据库连接失败: 'str' object has no attribute 'strftime'
2025-10-31 17:15:38,990 - app.services.tushare_daily_service - ERROR - 获取交易日期失败: 'str' object has no attribute 'strftime'
2025-10-31 17:15:39,270 - app.services.strategy_database_service - ERROR - 数据库连接失败: 'str' object has no attribute 'strftime'
2025-10-31 17:15:39,270 - app.services.tushare_daily_service - ERROR - 获取交易日期失败: 'str' object has no attribute 'strftime'
2025-10-31 17:15:39,569 - app.services.strategy_database_service - ERROR - 数据库连接失败: 'str' object has no attribute 'strftime'
2025-10-31 17:15:39,569 - app.services.tushare_daily_service - ERROR - 获取交易日期失败: 'str' object has no attribute 'strftime'
2025-10-31 17:15:39,843 - app.services.strategy_database_service - ERROR - 数据库连接失败: 'str' object has no attribute 'strftime'
2025-10-31 17:15:39,844 - app.services.tushare_daily_service - ERROR - 获取交易日期失败: 'str' object has no attribute 'strftime'
2025-10-31 17:15:40,097 - app.services.strategy_database_service - ERROR - 数据库连接失败: 'str' object has no attribute 'strftime'
2025-10-31 17:15:40,097 - app.services.tushare_daily_service - ERROR - 获取交易日期失败: 'str' object has no attribute 'strftime'
2025-10-31 17:15:40,377 - app.services.strategy_database_service - ERROR - 数据库连接失败: 'str' object has no attribute 'strftime'
2025-10-31 17:15:40,377 - app.services.tushare_daily_service - ERROR - 获取交易日期失败: 'str' object has no attribute 'strftime'
2025-10-31 17:15:40,658 - app.services.strategy_database_service - ERROR - 数据库连接失败: 'str' object has no attribute 'strftime'
2025-10-31 17:15:40,658 - app.services.tushare_daily_service - ERROR - 获取交易日期失败: 'str' object has no attribute 'strftime'
2025-10-31 17:15:40,922 - app.services.strategy_database_service - ERROR - 数据库连接失败: 'str' object has no attribute 'strftime'
2025-10-31 17:15:40,923 - app.services.tushare_daily_service - ERROR - 获取交易日期失败: 'str' object has no attribute 'strftime'
2025-10-31 17:15:41,217 - app.services.strategy_database_service - ERROR - 数据库连接失败: 'str' object has no attribute 'strftime'
2025-10-31 17:15:41,217 - app.services.tushare_daily_service - ERROR - 获取交易日期失败: 'str' object has no attribute 'strftime'
2025-10-31 17:15:41,480 - app.services.strategy_database_service - ERROR - 数据库连接失败: 'str' object has no attribute 'strftime'
2025-10-31 17:15:41,480 - app.services.tushare_daily_service - ERROR - 获取交易日期失败: 'str' object has no attribute 'strftime'
2025-10-31 17:15:41,743 - app.services.strategy_database_service - ERROR - 数据库连接失败: 'str' object has no attribute 'strftime'
2025-10-31 17:15:41,743 - app.services.tushare_daily_service - ERROR - 获取交易日期失败: 'str' object has no attribute 'strftime'
2025-10-31 17:15:42,009 - app.services.strategy_database_service - ERROR - 数据库连接失败: 'str' object has no attribute 'strftime'
2025-10-31 17:15:42,009 - app.services.tushare_daily_service - ERROR - 获取交易日期失败: 'str' object has no attribute 'strftime'
2025-10-31 17:15:42,273 - app.services.strategy_database_service - ERROR - 数据库连接失败: 'str' object has no attribute 'strftime'
2025-10-31 17:15:42,274 - app.services.tushare_daily_service - ERROR - 获取交易日期失败: 'str' object has no attribute 'strftime'
2025-10-31 17:15:42,551 - app.services.strategy_database_service - ERROR - 数据库连接失败: 'str' object has no attribute 'strftime'
2025-10-31 17:15:42,551 - app.services.tushare_daily_service - ERROR - 获取交易日期失败: 'str' object has no attribute 'strftime'
2025-10-31 17:15:42,829 - app.services.strategy_database_service - ERROR - 数据库连接失败: 'str' object has no attribute 'strftime'
2025-10-31 17:15:42,830 - app.services.tushare_daily_service - ERROR - 获取交易日期失败: 'str' object has no attribute 'strftime'
2025-10-31 17:15:43,081 - app.services.strategy_database_service - ERROR - 数据库连接失败: 'str' object has no attribute 'strftime'
2025-10-31 17:15:43,082 - app.services.tushare_daily_service - ERROR - 获取交易日期失败: 'str' object has no attribute 'strftime'
2025-10-31 17:15:43,348 - app.services.strategy_database_service - ERROR - 数据库连接失败: 'str' object has no attribute 'strftime'
2025-10-31 17:15:43,348 - app.services.tushare_daily_service - ERROR - 获取交易日期失败: 'str' object has no attribute 'strftime'
2025-10-31 17:15:43,624 - app.services.strategy_database_service - ERROR - 数据库连接失败: 'str' object has no attribute 'strftime'
2025-10-31 17:15:43,624 - app.services.tushare_daily_service - ERROR - 获取交易日期失败: 'str' object has no attribute 'strftime'
2025-10-31 17:15:43,907 - app.services.strategy_database_service - ERROR - 数据库连接失败: 'str' object has no attribute 'strftime'
2025-10-31 17:15:43,908 - app.services.tushare_daily_service - ERROR - 获取交易日期失败: 'str' object has no attribute 'strftime'
2025-10-31 17:15:44,170 - app.services.strategy_database_service - ERROR - 数据库连接失败: 'str' object has no attribute 'strftime'
2025-10-31 17:15:44,171 - app.services.tushare_daily_service - ERROR - 获取交易日期失败: 'str' object has no attribute 'strftime'
2025-10-31 17:15:44,447 - app.services.strategy_database_service - ERROR - 数据库连接失败: 'str' object has no attribute 'strftime'
2025-10-31 17:15:44,448 - app.services.tushare_daily_service - ERROR - 获取交易日期失败: 'str' object has no attribute 'strftime'
2025-10-31 17:15:44,712 - app.services.strategy_database_service - ERROR - 数据库连接失败: 'str' object has no attribute 'strftime'
2025-10-31 17:15:44,712 - app.services.tushare_daily_service - ERROR - 获取交易日期失败: 'str' object has no attribute 'strftime'
2025-10-31 17:15:44,961 - app.services.strategy_database_service - ERROR - 数据库连接失败: 'str' object has no attribute 'strftime'
2025-10-31 17:15:44,963 - app.services.tushare_daily_service - ERROR - 获取交易日期失败: 'str' object has no attribute 'strftime'
2025-10-31 17:15:45,225 - app.services.strategy_database_service - ERROR - 数据库连接失败: 'str' object has no attribute 'strftime'
2025-10-31 17:15:45,225 - app.services.tushare_daily_service - ERROR - 获取交易日期失败: 'str' object has no attribute 'strftime'
2025-10-31 17:15:45,487 - app.services.strategy_database_service - ERROR - 数据库连接失败: 'str' object has no attribute 'strftime'
2025-10-31 17:15:45,488 - app.services.tushare_daily_service - ERROR - 获取交易日期失败: 'str' object has no attribute 'strftime'
2025-10-31 17:15:45,737 - app.services.strategy_database_service - ERROR - 数据库连接失败: 'str' object has no attribute 'strftime'
2025-10-31 17:15:45,737 - app.services.tushare_daily_service - ERROR - 获取交易日期失败: 'str' object has no attribute 'strftime'
2025-10-31 17:15:46,014 - app.services.strategy_database_service - ERROR - 数据库连接失败: 'str' object has no attribute 'strftime'
2025-10-31 17:15:46,014 - app.services.tushare_daily_service - ERROR - 获取交易日期失败: 'str' object has no attribute 'strftime'
2025-10-31 17:15:46,280 - app.services.strategy_database_service - ERROR - 数据库连接失败: 'str' object has no attribute 'strftime'
2025-10-31 17:15:46,281 - app.services.tushare_daily_service - ERROR - 获取交易日期失败: 'str' object has no attribute 'strftime'
2025-10-31 17:15:46,526 - app.services.strategy_database_service - ERROR - 数据库连接失败: 'str' object has no attribute 'strftime'
2025-10-31 17:15:46,527 - app.services.tushare_daily_service - ERROR - 获取交易日期失败: 'str' object has no attribute 'strftime'
2025-10-31 17:15:46,793 - app.services.strategy_database_service - ERROR - 数据库连接失败: 'str' object has no attribute 'strftime'
2025-10-31 17:15:46,793 - app.services.tushare_daily_service - ERROR - 获取交易日期失败: 'str' object has no attribute 'strftime'
2025-10-31 17:15:47,029 - app.services.strategy_database_service - ERROR - 数据库连接失败: 'str' object has no attribute 'strftime'
2025-10-31 17:15:47,030 - app.services.tushare_daily_service - ERROR - 获取交易日期失败: 'str' object has no attribute 'strftime'
2025-10-31 17:15:47,276 - app.services.strategy_database_service - ERROR - 数据库连接失败: 'str' object has no attribute 'strftime'
2025-10-31 17:15:47,276 - app.services.tushare_daily_service - ERROR - 获取交易日期失败: 'str' object has no attribute 'strftime'
2025-10-31 17:15:47,541 - app.services.strategy_database_service - ERROR - 数据库连接失败: 'str' object has no attribute 'strftime'
2025-10-31 17:15:47,542 - app.services.tushare_daily_service - ERROR - 获取交易日期失败: 'str' object has no attribute 'strftime'
2025-10-31 17:15:47,823 - app.services.strategy_database_service - ERROR - 数据库连接失败: 'str' object has no attribute 'strftime'
2025-10-31 17:15:47,823 - app.services.tushare_daily_service - ERROR - 获取交易日期失败: 'str' object has no attribute 'strftime'
2025-10-31 17:15:48,071 - app.services.strategy_database_service - ERROR - 数据库连接失败: 'str' object has no attribute 'strftime'
2025-10-31 17:15:48,071 - app.services.tushare_daily_service - ERROR - 获取交易日期失败: 'str' object has no attribute 'strftime'
2025-10-31 17:15:48,338 - app.services.strategy_database_service - ERROR - 数据库连接失败: 'str' object has no attribute 'strftime'
2025-10-31 17:15:48,339 - app.services.tushare_daily_service - ERROR - 获取交易日期失败: 'str' object has no attribute 'strftime'
2025-10-31 17:15:48,616 - app.services.strategy_database_service - ERROR - 数据库连接失败: 'str' object has no attribute 'strftime'
2025-10-31 17:15:48,616 - app.services.tushare_daily_service - ERROR - 获取交易日期失败: 'str' object has no attribute 'strftime'
2025-10-31 17:15:48,896 - app.services.strategy_database_service - ERROR - 数据库连接失败: 'str' object has no attribute 'strftime'
2025-10-31 17:15:48,896 - app.services.tushare_daily_service - ERROR - 获取交易日期失败: 'str' object has no attribute 'strftime'
2025-10-31 17:15:49,178 - app.services.strategy_database_service - ERROR - 数据库连接失败: 'str' object has no attribute 'strftime'
2025-10-31 17:15:49,178 - app.services.tushare_daily_service - ERROR - 获取交易日期失败: 'str' object has no attribute 'strftime'
2025-10-31 17:15:49,441 - app.services.strategy_database_service - ERROR - 数据库连接失败: 'str' object has no attribute 'strftime'
2025-10-31 17:15:49,442 - app.services.tushare_daily_service - ERROR - 获取交易日期失败: 'str' object has no attribute 'strftime'
2025-10-31 17:15:49,704 - app.services.strategy_database_service - ERROR - 数据库连接失败: 'str' object has no attribute 'strftime'
2025-10-31 17:15:49,704 - app.services.tushare_daily_service - ERROR - 获取交易日期失败: 'str' object has no attribute 'strftime'
2025-10-31 17:15:49,967 - app.services.strategy_database_service - ERROR - 数据库连接失败: 'str' object has no attribute 'strftime'
2025-10-31 17:15:49,968 - app.services.tushare_daily_service - ERROR - 获取交易日期失败: 'str' object has no attribute 'strftime'
2025-10-31 17:15:50,248 - app.services.strategy_database_service - ERROR - 数据库连接失败: 'str' object has no attribute 'strftime'
2025-10-31 17:15:50,249 - app.services.tushare_daily_service - ERROR - 获取交易日期失败: 'str' object has no attribute 'strftime'
2025-10-31 17:15:50,499 - app.services.strategy_database_service - ERROR - 数据库连接失败: 'str' object has no attribute 'strftime'
2025-10-31 17:15:50,499 - app.services.tushare_daily_service - ERROR - 获取交易日期失败: 'str' object has no attribute 'strftime'
2025-10-31 17:15:50,747 - app.services.strategy_database_service - ERROR - 数据库连接失败: 'str' object has no attribute 'strftime'
2025-10-31 17:15:50,747 - app.services.tushare_daily_service - ERROR - 获取交易日期失败: 'str' object has no attribute 'strftime'
2025-10-31 17:15:51,010 - app.services.strategy_database_service - ERROR - 数据库连接失败: 'str' object has no attribute 'strftime'
2025-10-31 17:15:51,010 - app.services.tushare_daily_service - ERROR - 获取交易日期失败: 'str' object has no attribute 'strftime'
2025-10-31 17:15:51,262 - app.services.strategy_database_service - ERROR - 数据库连接失败: 'str' object has no attribute 'strftime'
2025-10-31 17:15:51,262 - app.services.tushare_daily_service - ERROR - 获取交易日期失败: 'str' object has no attribute 'strftime'
2025-10-31 17:15:51,539 - app.services.strategy_database_service - ERROR - 数据库连接失败: 'str' object has no attribute 'strftime'
2025-10-31 17:15:51,540 - app.services.tushare_daily_service - ERROR - 获取交易日期失败: 'str' object has no attribute 'strftime'
2025-10-31 17:15:51,822 - app.services.strategy_database_service - ERROR - 数据库连接失败: 'str' object has no attribute 'strftime'
2025-10-31 17:15:51,822 - app.services.tushare_daily_service - ERROR - 获取交易日期失败: 'str' object has no attribute 'strftime'
2025-10-31 17:15:52,087 - app.services.strategy_database_service - ERROR - 数据库连接失败: 'str' object has no attribute 'strftime'
2025-10-31 17:15:52,088 - app.services.tushare_daily_service - ERROR - 获取交易日期失败: 'str' object has no attribute 'strftime'
2025-10-31 17:15:52,349 - app.services.strategy_database_service - ERROR - 数据库连接失败: 'str' object has no attribute 'strftime'
2025-10-31 17:15:52,349 - app.services.tushare_daily_service - ERROR - 获取交易日期失败: 'str' object has no attribute 'strftime'
2025-10-31 17:15:52,613 - app.services.strategy_database_service - ERROR - 数据库连接失败: 'str' object has no attribute 'strftime'
2025-10-31 17:15:52,614 - app.services.tushare_daily_service - ERROR - 获取交易日期失败: 'str' object has no attribute 'strftime'
2025-10-31 17:15:52,895 - app.services.strategy_database_service - ERROR - 数据库连接失败: 'str' object has no attribute 'strftime'
2025-10-31 17:15:52,895 - app.services.tushare_daily_service - ERROR - 获取交易日期失败: 'str' object has no attribute 'strftime'
2025-10-31 17:15:53,155 - app.services.strategy_database_service - ERROR - 数据库连接失败: 'str' object has no attribute 'strftime'
2025-10-31 17:15:53,155 - app.services.tushare_daily_service - ERROR - 获取交易日期失败: 'str' object has no attribute 'strftime'
2025-10-31 17:15:53,436 - app.services.strategy_database_service - ERROR - 数据库连接失败: 'str' object has no attribute 'strftime'
2025-10-31 17:15:53,437 - app.services.tushare_daily_service - ERROR - 获取交易日期失败: 'str' object has no attribute 'strftime'
2025-10-31 17:15:53,701 - app.services.strategy_database_service - ERROR - 数据库连接失败: 'str' object has no attribute 'strftime'
2025-10-31 17:15:53,701 - app.services.tushare_daily_service - ERROR - 获取交易日期失败: 'str' object has no attribute 'strftime'
2025-10-31 17:15:53,979 - app.services.strategy_database_service - ERROR - 数据库连接失败: 'str' object has no attribute 'strftime'
2025-10-31 17:15:53,979 - app.services.tushare_daily_service - ERROR - 获取交易日期失败: 'str' object has no attribute 'strftime'
2025-10-31 17:15:54,245 - app.services.strategy_database_service - ERROR - 数据库连接失败: 'str' object has no attribute 'strftime'
2025-10-31 17:15:54,245 - app.services.tushare_daily_service - ERROR - 获取交易日期失败: 'str' object has no attribute 'strftime'
2025-10-31 17:15:54,493 - app.services.strategy_database_service - ERROR - 数据库连接失败: 'str' object has no attribute 'strftime'
2025-10-31 17:15:54,494 - app.services.tushare_daily_service - ERROR - 获取交易日期失败: 'str' object has no attribute 'strftime'
2025-10-31 17:15:54,761 - app.services.strategy_database_service - ERROR - 数据库连接失败: 'str' object has no attribute 'strftime'
2025-10-31 17:15:54,761 - app.services.tushare_daily_service - ERROR - 获取交易日期失败: 'str' object has no attribute 'strftime'
2025-10-31 17:15:55,102 - app.services.strategy_database_service - ERROR - 数据库连接失败: 'str' object has no attribute 'strftime'
2025-10-31 17:15:55,103 - app.services.tushare_daily_service - ERROR - 获取交易日期失败: 'str' object has no attribute 'strftime'
2025-10-31 17:15:55,384 - app.services.strategy_database_service - ERROR - 数据库连接失败: 'str' object has no attribute 'strftime'
2025-10-31 17:15:55,385 - app.services.tushare_daily_service - ERROR - 获取交易日期失败: 'str' object has no attribute 'strftime'
2025-10-31 17:15:55,680 - app.services.strategy_database_service - ERROR - 数据库连接失败: 'str' object has no attribute 'strftime'
2025-10-31 17:15:55,680 - app.services.tushare_daily_service - ERROR - 获取交易日期失败: 'str' object has no attribute 'strftime'
2025-10-31 17:15:55,959 - app.services.strategy_database_service - ERROR - 数据库连接失败: 'str' object has no attribute 'strftime'
2025-10-31 17:15:55,959 - app.services.tushare_daily_service - ERROR - 获取交易日期失败: 'str' object has no attribute 'strftime'
2025-10-31 17:15:56,258 - app.services.strategy_database_service - ERROR - 数据库连接失败: 'str' object has no attribute 'strftime'
2025-10-31 17:15:56,258 - app.services.tushare_daily_service - ERROR - 获取交易日期失败: 'str' object has no attribute 'strftime'
2025-10-31 17:15:56,599 - app.services.strategy_database_service - ERROR - 数据库连接失败: 'str' object has no attribute 'strftime'
2025-10-31 17:15:56,600 - app.services.tushare_daily_service - ERROR - 获取交易日期失败: 'str' object has no attribute 'strftime'
2025-10-31 17:15:56,940 - app.services.strategy_database_service - ERROR - 数据库连接失败: 'str' object has no attribute 'strftime'
2025-10-31 17:15:56,941 - app.services.tushare_daily_service - ERROR - 获取交易日期失败: 'str' object has no attribute 'strftime'
2025-10-31 17:15:57,296 - app.services.strategy_database_service - ERROR - 数据库连接失败: 'str' object has no attribute 'strftime'
2025-10-31 17:15:57,297 - app.services.tushare_daily_service - ERROR - 获取交易日期失败: 'str' object has no attribute 'strftime'
2025-10-31 17:15:57,640 - app.services.strategy_database_service - ERROR - 数据库连接失败: 'str' object has no attribute 'strftime'
2025-10-31 17:15:57,641 - app.services.tushare_daily_service - ERROR - 获取交易日期失败: 'str' object has no attribute 'strftime'
2025-10-31 17:15:57,966 - app.services.strategy_database_service - ERROR - 数据库连接失败: 'str' object has no attribute 'strftime'
2025-10-31 17:15:57,966 - app.services.tushare_daily_service - ERROR - 获取交易日期失败: 'str' object has no attribute 'strftime'
2025-10-31 17:15:58,310 - app.services.strategy_database_service - ERROR - 数据库连接失败: 'str' object has no attribute 'strftime'
2025-10-31 17:15:58,311 - app.services.tushare_daily_service - ERROR - 获取交易日期失败: 'str' object has no attribute 'strftime'
2025-10-31 17:15:58,618 - app.services.strategy_database_service - ERROR - 数据库连接失败: 'str' object has no attribute 'strftime'
2025-10-31 17:15:58,619 - app.services.tushare_daily_service - ERROR - 获取交易日期失败: 'str' object has no attribute 'strftime'
2025-10-31 17:15:58,986 - app.services.strategy_database_service - ERROR - 数据库连接失败: 'str' object has no attribute 'strftime'
2025-10-31 17:15:58,987 - app.services.tushare_daily_service - ERROR - 获取交易日期失败: 'str' object has no attribute 'strftime'
2025-10-31 17:15:59,299 - app.services.strategy_database_service - ERROR - 数据库连接失败: 'str' object has no attribute 'strftime'
2025-10-31 17:15:59,300 - app.services.tushare_daily_service - ERROR - 获取交易日期失败: 'str' object has no attribute 'strftime'
2025-10-31 17:15:59,629 - app.services.strategy_database_service - ERROR - 数据库连接失败: 'str' object has no attribute 'strftime'
2025-10-31 17:15:59,630 - app.services.tushare_daily_service - ERROR - 获取交易日期失败: 'str' object has no attribute 'strftime'
2025-10-31 17:15:59,971 - app.services.strategy_database_service - ERROR - 数据库连接失败: 'str' object has no attribute 'strftime'
2025-10-31 17:15:59,971 - app.services.tushare_daily_service - ERROR - 获取交易日期失败: 'str' object has no attribute 'strftime'
2025-10-31 17:16:00,295 - app.services.strategy_database_service - ERROR - 数据库连接失败: 'str' object has no attribute 'strftime'
2025-10-31 17:16:00,296 - app.services.tushare_daily_service - ERROR - 获取交易日期失败: 'str' object has no attribute 'strftime'
2025-10-31 17:16:00,620 - app.services.strategy_database_service - ERROR - 数据库连接失败: 'str' object has no attribute 'strftime'
2025-10-31 17:16:00,621 - app.services.tushare_daily_service - ERROR - 获取交易日期失败: 'str' object has no attribute 'strftime'
2025-10-31 17:16:00,929 - app.services.strategy_database_service - ERROR - 数据库连接失败: 'str' object has no attribute 'strftime'
2025-10-31 17:16:00,930 - app.services.tushare_daily_service - ERROR - 获取交易日期失败: 'str' object has no attribute 'strftime'
2025-10-31 17:16:01,256 - app.services.strategy_database_service - ERROR - 数据库连接失败: 'str' object has no attribute 'strftime'
2025-10-31 17:16:01,257 - app.services.tushare_daily_service - ERROR - 获取交易日期失败: 'str' object has no attribute 'strftime'
2025-10-31 17:16:01,564 - app.services.strategy_database_service - ERROR - 数据库连接失败: 'str' object has no attribute 'strftime'
2025-10-31 17:16:01,565 - app.services.tushare_daily_service - ERROR - 获取交易日期失败: 'str' object has no attribute 'strftime'
2025-10-31 17:16:01,888 - app.services.strategy_database_service - ERROR - 数据库连接失败: 'str' object has no attribute 'strftime'
2025-10-31 17:16:01,889 - app.services.tushare_daily_service - ERROR - 获取交易日期失败: 'str' object has no attribute 'strftime'
2025-10-31 17:16:02,182 - app.services.strategy_database_service - ERROR - 数据库连接失败: 'str' object has no attribute 'strftime'
2025-10-31 17:16:02,182 - app.services.tushare_daily_service - ERROR - 获取交易日期失败: 'str' object has no attribute 'strftime'
2025-10-31 17:16:02,494 - app.services.strategy_database_service - ERROR - 数据库连接失败: 'str' object has no attribute 'strftime'
2025-10-31 17:16:02,494 - app.services.tushare_daily_service - ERROR - 获取交易日期失败: 'str' object has no attribute 'strftime'
2025-10-31 17:16:02,805 - app.services.strategy_database_service - ERROR - 数据库连接失败: 'str' object has no attribute 'strftime'
2025-10-31 17:16:02,806 - app.services.tushare_daily_service - ERROR - 获取交易日期失败: 'str' object has no attribute 'strftime'
2025-10-31 17:16:03,128 - app.services.strategy_database_service - ERROR - 数据库连接失败: 'str' object has no attribute 'strftime'
2025-10-31 17:16:03,129 - app.services.tushare_daily_service - ERROR - 获取交易日期失败: 'str' object has no attribute 'strftime'
2025-10-31 17:16:03,449 - app.services.strategy_database_service - ERROR - 数据库连接失败: 'str' object has no attribute 'strftime'
2025-10-31 17:16:03,450 - app.services.tushare_daily_service - ERROR - 获取交易日期失败: 'str' object has no attribute 'strftime'
2025-10-31 17:16:03,767 - app.services.strategy_database_service - ERROR - 数据库连接失败: 'str' object has no attribute 'strftime'
2025-10-31 17:16:03,768 - app.services.tushare_daily_service - ERROR - 获取交易日期失败: 'str' object has no attribute 'strftime'
2025-10-31 17:16:04,107 - app.services.strategy_database_service - ERROR - 数据库连接失败: 'str' object has no attribute 'strftime'
2025-10-31 17:16:04,107 - app.services.tushare_daily_service - ERROR - 获取交易日期失败: 'str' object has no attribute 'strftime'
2025-10-31 17:16:04,448 - app.services.strategy_database_service - ERROR - 数据库连接失败: 'str' object has no attribute 'strftime'
2025-10-31 17:16:04,449 - app.services.tushare_daily_service - ERROR - 获取交易日期失败: 'str' object has no attribute 'strftime'
2025-10-31 17:16:04,778 - app.services.strategy_database_service - ERROR - 数据库连接失败: 'str' object has no attribute 'strftime'
2025-10-31 17:16:04,778 - app.services.tushare_daily_service - ERROR - 获取交易日期失败: 'str' object has no attribute 'strftime'
2025-10-31 17:16:05,087 - app.services.strategy_database_service - ERROR - 数据库连接失败: 'str' object has no attribute 'strftime'
2025-10-31 17:16:05,087 - app.services.tushare_daily_service - ERROR - 获取交易日期失败: 'str' object has no attribute 'strftime'
2025-10-31 17:16:05,397 - app.services.strategy_database_service - ERROR - 数据库连接失败: 'str' object has no attribute 'strftime'
2025-10-31 17:16:05,398 - app.services.tushare_daily_service - ERROR - 获取交易日期失败: 'str' object has no attribute 'strftime'
2025-10-31 17:16:05,723 - app.services.strategy_database_service - ERROR - 数据库连接失败: 'str' object has no attribute 'strftime'
2025-10-31 17:16:05,724 - app.services.tushare_daily_service - ERROR - 获取交易日期失败: 'str' object has no attribute 'strftime'
2025-10-31 17:16:06,049 - app.services.strategy_database_service - ERROR - 数据库连接失败: 'str' object has no attribute 'strftime'
2025-10-31 17:16:06,050 - app.services.tushare_daily_service - ERROR - 获取交易日期失败: 'str' object has no attribute 'strftime'
2025-10-31 17:16:06,360 - app.services.strategy_database_service - ERROR - 数据库连接失败: 'str' object has no attribute 'strftime'
2025-10-31 17:16:06,361 - app.services.tushare_daily_service - ERROR - 获取交易日期失败: 'str' object has no attribute 'strftime'
2025-10-31 17:16:06,656 - app.services.strategy_database_service - ERROR - 数据库连接失败: 'str' object has no attribute 'strftime'
2025-10-31 17:16:06,657 - app.services.tushare_daily_service - ERROR - 获取交易日期失败: 'str' object has no attribute 'strftime'
2025-10-31 17:16:06,981 - app.services.strategy_database_service - ERROR - 数据库连接失败: 'str' object has no attribute 'strftime'
2025-10-31 17:16:06,981 - app.services.tushare_daily_service - ERROR - 获取交易日期失败: 'str' object has no attribute 'strftime'
2025-10-31 17:16:07,292 - app.services.strategy_database_service - ERROR - 数据库连接失败: 'str' object has no attribute 'strftime'
2025-10-31 17:16:07,292 - app.services.tushare_daily_service - ERROR - 获取交易日期失败: 'str' object has no attribute 'strftime'
2025-10-31 17:16:07,621 - app.services.strategy_database_service - ERROR - 数据库连接失败: 'str' object has no attribute 'strftime'
2025-10-31 17:16:07,621 - app.services.tushare_daily_service - ERROR - 获取交易日期失败: 'str' object has no attribute 'strftime'
2025-10-31 17:16:07,915 - app.services.strategy_database_service - ERROR - 数据库连接失败: 'str' object has no attribute 'strftime'
2025-10-31 17:16:07,916 - app.services.tushare_daily_service - ERROR - 获取交易日期失败: 'str' object has no attribute 'strftime'
2025-10-31 17:16:08,242 - app.services.strategy_database_service - ERROR - 数据库连接失败: 'str' object has no attribute 'strftime'
2025-10-31 17:16:08,243 - app.services.tushare_daily_service - ERROR - 获取交易日期失败: 'str' object has no attribute 'strftime'
2025-10-31 17:16:08,581 - app.services.strategy_database_service - ERROR - 数据库连接失败: 'str' object has no attribute 'strftime'
2025-10-31 17:16:08,581 - app.services.tushare_daily_service - ERROR - 获取交易日期失败: 'str' object has no attribute 'strftime'
2025-10-31 17:16:08,924 - app.services.strategy_database_service - ERROR - 数据库连接失败: 'str' object has no attribute 'strftime'
2025-10-31 17:16:08,924 - app.services.tushare_daily_service - ERROR - 获取交易日期失败: 'str' object has no attribute 'strftime'
2025-10-31 17:16:09,236 - app.services.strategy_database_service - ERROR - 数据库连接失败: 'str' object has no attribute 'strftime'
2025-10-31 17:16:09,237 - app.services.tushare_daily_service - ERROR - 获取交易日期失败: 'str' object has no attribute 'strftime'
2025-10-31 17:16:09,562 - app.services.strategy_database_service - ERROR - 数据库连接失败: 'str' object has no attribute 'strftime'
2025-10-31 17:16:09,562 - app.services.tushare_daily_service - ERROR - 获取交易日期失败: 'str' object has no attribute 'strftime'
2025-10-31 17:16:09,890 - app.services.strategy_database_service - ERROR - 数据库连接失败: 'str' object has no attribute 'strftime'
2025-10-31 17:16:09,891 - app.services.tushare_daily_service - ERROR - 获取交易日期失败: 'str' object has no attribute 'strftime'
2025-10-31 17:16:10,184 - app.services.strategy_database_service - ERROR - 数据库连接失败: 'str' object has no attribute 'strftime'
2025-10-31 17:16:10,186 - app.services.tushare_daily_service - ERROR - 获取交易日期失败: 'str' object has no attribute 'strftime'
2025-10-31 17:16:10,482 - app.services.strategy_database_service - ERROR - 数据库连接失败: 'str' object has no attribute 'strftime'
2025-10-31 17:16:10,483 - app.services.tushare_daily_service - ERROR - 获取交易日期失败: 'str' object has no attribute 'strftime'
2025-10-31 17:16:10,778 - app.services.strategy_database_service - ERROR - 数据库连接失败: 'str' object has no attribute 'strftime'
2025-10-31 17:16:10,779 - app.services.tushare_daily_service - ERROR - 获取交易日期失败: 'str' object has no attribute 'strftime'
2025-10-31 17:16:11,086 - app.services.strategy_database_service - ERROR - 数据库连接失败: 'str' object has no attribute 'strftime'
2025-10-31 17:16:11,087 - app.services.tushare_daily_service - ERROR - 获取交易日期失败: 'str' object has no attribute 'strftime'
2025-10-31 17:16:11,380 - app.services.strategy_database_service - ERROR - 数据库连接失败: 'str' object has no attribute 'strftime'
2025-10-31 17:16:11,381 - app.services.tushare_daily_service - ERROR - 获取交易日期失败: 'str' object has no attribute 'strftime'
2025-10-31 17:16:11,701 - app.services.strategy_database_service - ERROR - 数据库连接失败: 'str' object has no attribute 'strftime'
2025-10-31 17:16:11,701 - app.services.tushare_daily_service - ERROR - 获取交易日期失败: 'str' object has no attribute 'strftime'
2025-10-31 17:16:11,965 - app.services.strategy_database_service - ERROR - 数据库连接失败: 'str' object has no attribute 'strftime'
2025-10-31 17:16:11,966 - app.services.tushare_daily_service - ERROR - 获取交易日期失败: 'str' object has no attribute 'strftime'
2025-10-31 17:16:12,278 - app.services.strategy_database_service - ERROR - 数据库连接失败: 'str' object has no attribute 'strftime'
2025-10-31 17:16:12,281 - app.services.tushare_daily_service - ERROR - 获取交易日期失败: 'str' object has no attribute 'strftime'
2025-10-31 17:16:12,573 - app.services.strategy_database_service - ERROR - 数据库连接失败: 'str' object has no attribute 'strftime'
2025-10-31 17:16:12,573 - app.services.tushare_daily_service - ERROR - 获取交易日期失败: 'str' object has no attribute 'strftime'
2025-10-31 17:16:12,856 - app.services.strategy_database_service - ERROR - 数据库连接失败: 'str' object has no attribute 'strftime'
2025-10-31 17:16:12,856 - app.services.tushare_daily_service - ERROR - 获取交易日期失败: 'str' object has no attribute 'strftime'
2025-10-31 17:16:13,132 - app.services.strategy_database_service - ERROR - 数据库连接失败: 'str' object has no attribute 'strftime'
2025-10-31 17:16:13,133 - app.services.tushare_daily_service - ERROR - 获取交易日期失败: 'str' object has no attribute 'strftime'
2025-10-31 17:16:13,419 - app.services.strategy_database_service - ERROR - 数据库连接失败: 'str' object has no attribute 'strftime'
2025-10-31 17:16:13,420 - app.services.tushare_daily_service - ERROR - 获取交易日期失败: 'str' object has no attribute 'strftime'
2025-10-31 17:16:13,772 - app.services.strategy_database_service - ERROR - 数据库连接失败: 'str' object has no attribute 'strftime'
2025-10-31 17:16:13,773 - app.services.tushare_daily_service - ERROR - 获取交易日期失败: 'str' object has no attribute 'strftime'
2025-10-31 17:16:14,130 - app.services.strategy_database_service - ERROR - 数据库连接失败: 'str' object has no attribute 'strftime'
2025-10-31 17:16:14,131 - app.services.tushare_daily_service - ERROR - 获取交易日期失败: 'str' object has no attribute 'strftime'
2025-10-31 17:16:14,505 - app.services.strategy_database_service - ERROR - 数据库连接失败: 'str' object has no attribute 'strftime'
2025-10-31 17:16:14,505 - app.services.tushare_daily_service - ERROR - 获取交易日期失败: 'str' object has no attribute 'strftime'
2025-10-31 17:16:14,863 - app.services.strategy_database_service - ERROR - 数据库连接失败: 'str' object has no attribute 'strftime'
2025-10-31 17:16:14,864 - app.services.tushare_daily_service - ERROR - 获取交易日期失败: 'str' object has no attribute 'strftime'
2025-10-31 17:16:15,187 - app.services.strategy_database_service - ERROR - 数据库连接失败: 'str' object has no attribute 'strftime'
2025-10-31 17:16:15,187 - app.services.tushare_daily_service - ERROR - 获取交易日期失败: 'str' object has no attribute 'strftime'
2025-10-31 17:16:15,499 - app.services.strategy_database_service - ERROR - 数据库连接失败: 'str' object has no attribute 'strftime'
2025-10-31 17:16:15,500 - app.services.tushare_daily_service - ERROR - 获取交易日期失败: 'str' object has no attribute 'strftime'
2025-10-31 17:16:15,826 - app.services.strategy_database_service - ERROR - 数据库连接失败: 'str' object has no attribute 'strftime'
2025-10-31 17:16:15,827 - app.services.tushare_daily_service - ERROR - 获取交易日期失败: 'str' object has no attribute 'strftime'
2025-10-31 17:16:16,198 - app.services.strategy_database_service - ERROR - 数据库连接失败: 'str' object has no attribute 'strftime'
2025-10-31 17:16:16,199 - app.services.tushare_daily_service - ERROR - 获取交易日期失败: 'str' object has no attribute 'strftime'
2025-10-31 17:16:16,561 - app.services.strategy_database_service - ERROR - 数据库连接失败: 'str' object has no attribute 'strftime'
2025-10-31 17:16:16,561 - app.services.tushare_daily_service - ERROR - 获取交易日期失败: 'str' object has no attribute 'strftime'
2025-10-31 17:16:16,936 - app.services.strategy_database_service - ERROR - 数据库连接失败: 'str' object has no attribute 'strftime'
2025-10-31 17:16:16,937 - app.services.tushare_daily_service - ERROR - 获取交易日期失败: 'str' object has no attribute 'strftime'
2025-10-31 17:16:17,365 - app.services.strategy_database_service - ERROR - 数据库连接失败: 'str' object has no attribute 'strftime'
2025-10-31 17:16:17,365 - app.services.tushare_daily_service - ERROR - 获取交易日期失败: 'str' object has no attribute 'strftime'
2025-10-31 17:16:17,711 - app.services.strategy_database_service - ERROR - 数据库连接失败: 'str' object has no attribute 'strftime'
2025-10-31 17:16:17,711 - app.services.tushare_daily_service - ERROR - 获取交易日期失败: 'str' object has no attribute 'strftime'
2025-10-31 17:16:18,054 - app.services.strategy_database_service - ERROR - 数据库连接失败: 'str' object has no attribute 'strftime'
2025-10-31 17:16:18,055 - app.services.tushare_daily_service - ERROR - 获取交易日期失败: 'str' object has no attribute 'strftime'
2025-10-31 17:16:18,352 - app.services.strategy_database_service - ERROR - 数据库连接失败: 'str' object has no attribute 'strftime'
2025-10-31 17:16:18,352 - app.services.tushare_daily_service - ERROR - 获取交易日期失败: 'str' object has no attribute 'strftime'
2025-10-31 17:16:18,709 - app.services.strategy_database_service - ERROR - 数据库连接失败: 'str' object has no attribute 'strftime'
2025-10-31 17:16:18,709 - app.services.tushare_daily_service - ERROR - 获取交易日期失败: 'str' object has no attribute 'strftime'
2025-10-31 17:16:19,133 - app.services.strategy_database_service - ERROR - 数据库连接失败: 'str' object has no attribute 'strftime'
2025-10-31 17:16:19,134 - app.services.tushare_daily_service - ERROR - 获取交易日期失败: 'str' object has no attribute 'strftime'
2025-10-31 17:16:19,539 - app.services.strategy_database_service - ERROR - 数据库连接失败: 'str' object has no attribute 'strftime'
2025-10-31 17:16:19,539 - app.services.tushare_daily_service - ERROR - 获取交易日期失败: 'str' object has no attribute 'strftime'
2025-10-31 17:16:19,848 - app.services.strategy_database_service - ERROR - 数据库连接失败: 'str' object has no attribute 'strftime'
2025-10-31 17:16:19,849 - app.services.tushare_daily_service - ERROR - 获取交易日期失败: 'str' object has no attribute 'strftime'
2025-10-31 17:16:20,223 - app.services.strategy_database_service - ERROR - 数据库连接失败: 'str' object has no attribute 'strftime'
2025-10-31 17:16:20,224 - app.services.tushare_daily_service - ERROR - 获取交易日期失败: 'str' object has no attribute 'strftime'
2025-10-31 17:16:20,549 - app.services.strategy_database_service - ERROR - 数据库连接失败: 'str' object has no attribute 'strftime'
2025-10-31 17:16:20,550 - app.services.tushare_daily_service - ERROR - 获取交易日期失败: 'str' object has no attribute 'strftime'
2025-10-31 17:16:20,909 - app.services.strategy_database_service - ERROR - 数据库连接失败: 'str' object has no attribute 'strftime'
2025-10-31 17:16:20,909 - app.services.tushare_daily_service - ERROR - 获取交易日期失败: 'str' object has no attribute 'strftime'
2025-10-31 17:16:21,237 - app.services.strategy_database_service - ERROR - 数据库连接失败: 'str' object has no attribute 'strftime'
2025-10-31 17:16:21,238 - app.services.tushare_daily_service - ERROR - 获取交易日期失败: 'str' object has no attribute 'strftime'
2025-10-31 17:16:21,549 - app.services.strategy_database_service - ERROR - 数据库连接失败: 'str' object has no attribute 'strftime'
2025-10-31 17:16:21,550 - app.services.tushare_daily_service - ERROR - 获取交易日期失败: 'str' object has no attribute 'strftime'
2025-10-31 17:16:21,954 - app.services.strategy_database_service - ERROR - 数据库连接失败: 'str' object has no attribute 'strftime'
2025-10-31 17:16:21,954 - app.services.tushare_daily_service - ERROR - 获取交易日期失败: 'str' object has no attribute 'strftime'
2025-10-31 17:16:22,315 - app.services.strategy_database_service - ERROR - 数据库连接失败: 'str' object has no attribute 'strftime'
2025-10-31 17:16:22,315 - app.services.tushare_daily_service - ERROR - 获取交易日期失败: 'str' object has no attribute 'strftime'
2025-10-31 17:16:22,737 - app.services.strategy_database_service - ERROR - 数据库连接失败: 'str' object has no attribute 'strftime'
2025-10-31 17:16:22,738 - app.services.tushare_daily_service - ERROR - 获取交易日期失败: 'str' object has no attribute 'strftime'
2025-10-31 17:16:23,085 - app.services.strategy_database_service - ERROR - 数据库连接失败: 'str' object has no attribute 'strftime'
2025-10-31 17:16:23,086 - app.services.tushare_daily_service - ERROR - 获取交易日期失败: 'str' object has no attribute 'strftime'
2025-10-31 17:16:23,438 - app.services.strategy_database_service - ERROR - 数据库连接失败: 'str' object has no attribute 'strftime'
2025-10-31 17:16:23,438 - app.services.tushare_daily_service - ERROR - 获取交易日期失败: 'str' object has no attribute 'strftime'
2025-10-31 17:16:23,781 - app.services.strategy_database_service - ERROR - 数据库连接失败: 'str' object has no attribute 'strftime'
2025-10-31 17:16:23,782 - app.services.tushare_daily_service - ERROR - 获取交易日期失败: 'str' object has no attribute 'strftime'
2025-10-31 17:16:24,156 - app.services.strategy_database_service - ERROR - 数据库连接失败: 'str' object has no attribute 'strftime'
2025-10-31 17:16:24,157 - app.services.tushare_daily_service - ERROR - 获取交易日期失败: 'str' object has no attribute 'strftime'
2025-10-31 17:16:24,484 - app.services.strategy_database_service - ERROR - 数据库连接失败: 'str' object has no attribute 'strftime'
2025-10-31 17:16:24,484 - app.services.tushare_daily_service - ERROR - 获取交易日期失败: 'str' object has no attribute 'strftime'
2025-10-31 17:16:24,835 - app.services.strategy_database_service - ERROR - 数据库连接失败: 'str' object has no attribute 'strftime'
2025-10-31 17:16:24,835 - app.services.tushare_daily_service - ERROR - 获取交易日期失败: 'str' object has no attribute 'strftime'
2025-10-31 17:16:25,114 - app.services.strategy_database_service - ERROR - 数据库连接失败: 'str' object has no attribute 'strftime'
2025-10-31 17:16:25,114 - app.services.tushare_daily_service - ERROR - 获取交易日期失败: 'str' object has no attribute 'strftime'
2025-10-31 17:16:25,364 - app.services.strategy_database_service - ERROR - 数据库连接失败: 'str' object has no attribute 'strftime'
2025-10-31 17:16:25,365 - app.services.tushare_daily_service - ERROR - 获取交易日期失败: 'str' object has no attribute 'strftime'
2025-10-31 17:16:25,627 - app.services.strategy_database_service - ERROR - 数据库连接失败: 'str' object has no attribute 'strftime'
2025-10-31 17:16:25,627 - app.services.tushare_daily_service - ERROR - 获取交易日期失败: 'str' object has no attribute 'strftime'
2025-10-31 17:16:25,910 - app.services.strategy_database_service - ERROR - 数据库连接失败: 'str' object has no attribute 'strftime'
2025-10-31 17:16:25,911 - app.services.tushare_daily_service - ERROR - 获取交易日期失败: 'str' object has no attribute 'strftime'
2025-10-31 17:16:26,160 - app.services.strategy_database_service - ERROR - 数据库连接失败: 'str' object has no attribute 'strftime'
2025-10-31 17:16:26,160 - app.services.tushare_daily_service - ERROR - 获取交易日期失败: 'str' object has no attribute 'strftime'
2025-10-31 17:16:26,425 - app.services.strategy_database_service - ERROR - 数据库连接失败: 'str' object has no attribute 'strftime'
2025-10-31 17:16:26,426 - app.services.tushare_daily_service - ERROR - 获取交易日期失败: 'str' object has no attribute 'strftime'
2025-10-31 17:16:26,701 - app.services.strategy_database_service - ERROR - 数据库连接失败: 'str' object has no attribute 'strftime'
2025-10-31 17:16:26,701 - app.services.tushare_daily_service - ERROR - 获取交易日期失败: 'str' object has no attribute 'strftime'
2025-10-31 17:16:26,981 - app.services.strategy_database_service - ERROR - 数据库连接失败: 'str' object has no attribute 'strftime'
2025-10-31 17:16:26,981 - app.services.tushare_daily_service - ERROR - 获取交易日期失败: 'str' object has no attribute 'strftime'
2025-10-31 17:16:27,246 - app.services.strategy_database_service - ERROR - 数据库连接失败: 'str' object has no attribute 'strftime'
2025-10-31 17:16:27,246 - app.services.tushare_daily_service - ERROR - 获取交易日期失败: 'str' object has no attribute 'strftime'
2025-10-31 17:16:27,527 - app.services.strategy_database_service - ERROR - 数据库连接失败: 'str' object has no attribute 'strftime'
2025-10-31 17:16:27,527 - app.services.tushare_daily_service - ERROR - 获取交易日期失败: 'str' object has no attribute 'strftime'
2025-10-31 17:16:27,855 - app.services.strategy_database_service - ERROR - 数据库连接失败: 'str' object has no attribute 'strftime'
2025-10-31 17:16:27,856 - app.services.tushare_daily_service - ERROR - 获取交易日期失败: 'str' object has no attribute 'strftime'
2025-10-31 17:16:28,134 - app.services.strategy_database_service - ERROR - 数据库连接失败: 'str' object has no attribute 'strftime'
2025-10-31 17:16:28,135 - app.services.tushare_daily_service - ERROR - 获取交易日期失败: 'str' object has no attribute 'strftime'
2025-10-31 17:16:28,412 - app.services.strategy_database_service - ERROR - 数据库连接失败: 'str' object has no attribute 'strftime'
2025-10-31 17:16:28,412 - app.services.tushare_daily_service - ERROR - 获取交易日期失败: 'str' object has no attribute 'strftime'
2025-10-31 17:16:28,678 - app.services.strategy_database_service - ERROR - 数据库连接失败: 'str' object has no attribute 'strftime'
2025-10-31 17:16:28,678 - app.services.tushare_daily_service - ERROR - 获取交易日期失败: 'str' object has no attribute 'strftime'
2025-10-31 17:16:28,940 - app.services.strategy_database_service - ERROR - 数据库连接失败: 'str' object has no attribute 'strftime'
2025-10-31 17:16:28,941 - app.services.tushare_daily_service - ERROR - 获取交易日期失败: 'str' object has no attribute 'strftime'
2025-10-31 17:16:29,264 - app.services.strategy_database_service - ERROR - 数据库连接失败: 'str' object has no attribute 'strftime'
2025-10-31 17:16:29,264 - app.services.tushare_daily_service - ERROR - 获取交易日期失败: 'str' object has no attribute 'strftime'
2025-10-31 17:16:29,608 - app.services.strategy_database_service - ERROR - 数据库连接失败: 'str' object has no attribute 'strftime'
2025-10-31 17:16:29,608 - app.services.tushare_daily_service - ERROR - 获取交易日期失败: 'str' object has no attribute 'strftime'
2025-10-31 17:16:29,964 - app.services.strategy_database_service - ERROR - 数据库连接失败: 'str' object has no attribute 'strftime'
2025-10-31 17:16:29,965 - app.services.tushare_daily_service - ERROR - 获取交易日期失败: 'str' object has no attribute 'strftime'
2025-10-31 17:16:30,246 - app.services.strategy_database_service - ERROR - 数据库连接失败: 'str' object has no attribute 'strftime'
2025-10-31 17:16:30,246 - app.services.tushare_daily_service - ERROR - 获取交易日期失败: 'str' object has no attribute 'strftime'
2025-10-31 17:16:30,527 - app.services.strategy_database_service - ERROR - 数据库连接失败: 'str' object has no attribute 'strftime'
2025-10-31 17:16:30,527 - app.services.tushare_daily_service - ERROR - 获取交易日期失败: 'str' object has no attribute 'strftime'
2025-10-31 17:16:30,793 - app.services.strategy_database_service - ERROR - 数据库连接失败: 'str' object has no attribute 'strftime'
2025-10-31 17:16:30,793 - app.services.tushare_daily_service - ERROR - 获取交易日期失败: 'str' object has no attribute 'strftime'
2025-10-31 17:16:31,043 - app.services.strategy_database_service - ERROR - 数据库连接失败: 'str' object has no attribute 'strftime'
2025-10-31 17:16:31,044 - app.services.tushare_daily_service - ERROR - 获取交易日期失败: 'str' object has no attribute 'strftime'
2025-10-31 17:16:31,307 - app.services.strategy_database_service - ERROR - 数据库连接失败: 'str' object has no attribute 'strftime'
2025-10-31 17:16:31,310 - app.services.tushare_daily_service - ERROR - 获取交易日期失败: 'str' object has no attribute 'strftime'
2025-10-31 17:16:31,559 - app.services.strategy_database_service - ERROR - 数据库连接失败: 'str' object has no attribute 'strftime'
2025-10-31 17:16:31,559 - app.services.tushare_daily_service - ERROR - 获取交易日期失败: 'str' object has no attribute 'strftime'
2025-10-31 17:16:31,852 - app.services.strategy_database_service - ERROR - 数据库连接失败: 'str' object has no attribute 'strftime'
2025-10-31 17:16:31,853 - app.services.tushare_daily_service - ERROR - 获取交易日期失败: 'str' object has no attribute 'strftime'
2025-10-31 17:16:32,148 - app.services.strategy_database_service - ERROR - 数据库连接失败: 'str' object has no attribute 'strftime'
2025-10-31 17:16:32,148 - app.services.tushare_daily_service - ERROR - 获取交易日期失败: 'str' object has no attribute 'strftime'
2025-10-31 17:16:32,427 - app.services.strategy_database_service - ERROR - 数据库连接失败: 'str' object has no attribute 'strftime'
2025-10-31 17:16:32,428 - app.services.tushare_daily_service - ERROR - 获取交易日期失败: 'str' object has no attribute 'strftime'
2025-10-31 17:16:32,675 - app.services.strategy_database_service - ERROR - 数据库连接失败: 'str' object has no attribute 'strftime'
2025-10-31 17:16:32,676 - app.services.tushare_daily_service - ERROR - 获取交易日期失败: 'str' object has no attribute 'strftime'
2025-10-31 17:16:32,924 - app.services.strategy_database_service - ERROR - 数据库连接失败: 'str' object has no attribute 'strftime'
2025-10-31 17:16:32,925 - app.services.tushare_daily_service - ERROR - 获取交易日期失败: 'str' object has no attribute 'strftime'
2025-10-31 17:16:33,190 - app.services.strategy_database_service - ERROR - 数据库连接失败: 'str' object has no attribute 'strftime'
2025-10-31 17:16:33,191 - app.services.tushare_daily_service - ERROR - 获取交易日期失败: 'str' object has no attribute 'strftime'
2025-10-31 17:16:33,452 - app.services.strategy_database_service - ERROR - 数据库连接失败: 'str' object has no attribute 'strftime'
2025-10-31 17:16:33,453 - app.services.tushare_daily_service - ERROR - 获取交易日期失败: 'str' object has no attribute 'strftime'
2025-10-31 17:16:33,715 - app.services.strategy_database_service - ERROR - 数据库连接失败: 'str' object has no attribute 'strftime'
2025-10-31 17:16:33,715 - app.services.tushare_daily_service - ERROR - 获取交易日期失败: 'str' object has no attribute 'strftime'
2025-10-31 17:16:33,978 - app.services.strategy_database_service - ERROR - 数据库连接失败: 'str' object has no attribute 'strftime'
2025-10-31 17:16:33,978 - app.services.tushare_daily_service - ERROR - 获取交易日期失败: 'str' object has no attribute 'strftime'
2025-10-31 17:16:34,230 - app.services.strategy_database_service - ERROR - 数据库连接失败: 'str' object has no attribute 'strftime'
2025-10-31 17:16:34,231 - app.services.tushare_daily_service - ERROR - 获取交易日期失败: 'str' object has no attribute 'strftime'
2025-10-31 17:16:34,539 - app.services.strategy_database_service - ERROR - 数据库连接失败: 'str' object has no attribute 'strftime'
2025-10-31 17:16:34,539 - app.services.tushare_daily_service - ERROR - 获取交易日期失败: 'str' object has no attribute 'strftime'
2025-10-31 17:16:34,854 - app.services.strategy_database_service - ERROR - 数据库连接失败: 'str' object has no attribute 'strftime'
2025-10-31 17:16:34,855 - app.services.tushare_daily_service - ERROR - 获取交易日期失败: 'str' object has no attribute 'strftime'
2025-10-31 17:16:35,178 - app.services.strategy_database_service - ERROR - 数据库连接失败: 'str' object has no attribute 'strftime'
2025-10-31 17:16:35,179 - app.services.tushare_daily_service - ERROR - 获取交易日期失败: 'str' object has no attribute 'strftime'
2025-10-31 17:25:51,469 - app.services.tushare_daily_service - INFO - 同步股票基础信息
2025-10-31 17:25:51,612 - __main__ - INFO - 从数据库获取到 5582 个股票代码
2025-10-31 17:25:51,612 - app.services.tushare_daily_service - INFO - 同步交易日历: 20221101 - 20251031
2025-10-31 17:25:52,163 - app.services.tushare_daily_service - INFO - 开始同步每日行情数据: trade_date=None, start_date=20221101, end_date=20251031
2025-10-31 17:25:54,336 - app.services.tushare_daily_service - INFO - 每日行情数据同步完成: 总计7840条记录
2025-10-31 17:25:55,346 - app.services.tushare_daily_service - INFO - 开始同步每日行情数据: trade_date=None, start_date=20221101, end_date=20251031
2025-10-31 17:25:57,102 - app.services.tushare_daily_service - INFO - 每日行情数据同步完成: 总计7840条记录
2025-10-31 17:25:58,114 - app.services.tushare_daily_service - INFO - 开始同步每日行情数据: trade_date=None, start_date=20221101, end_date=20251031
2025-10-31 17:25:59,736 - app.services.tushare_daily_service - INFO - 每日行情数据同步完成: 总计7840条记录
2025-10-31 17:26:00,742 - app.services.tushare_daily_service - INFO - 开始同步每日行情数据: trade_date=None, start_date=20221101, end_date=20251031
2025-10-31 17:26:02,360 - app.services.tushare_daily_service - INFO - 每日行情数据同步完成: 总计7840条记录
2025-10-31 17:26:03,375 - app.services.tushare_daily_service - INFO - 开始同步每日行情数据: trade_date=None, start_date=20221101, end_date=20251031
2025-10-31 17:26:05,032 - app.services.tushare_daily_service - INFO - 每日行情数据同步完成: 总计7840条记录
2025-10-31 17:26:06,045 - app.services.tushare_daily_service - INFO - 开始同步每日行情数据: trade_date=None, start_date=20221101, end_date=20251031
2025-10-31 17:26:07,663 - app.services.tushare_daily_service - INFO - 每日行情数据同步完成: 总计7840条记录
2025-10-31 17:26:08,674 - app.services.tushare_daily_service - INFO - 开始同步每日行情数据: trade_date=None, start_date=20221101, end_date=20251031
2025-10-31 17:26:10,197 - app.services.tushare_daily_service - INFO - 每日行情数据同步完成: 总计7840条记录
2025-10-31 17:26:11,199 - app.services.tushare_daily_service - INFO - 开始同步每日行情数据: trade_date=None, start_date=20221101, end_date=20251031
2025-10-31 17:26:12,826 - app.services.tushare_daily_service - INFO - 每日行情数据同步完成: 总计7840条记录
2025-10-31 17:26:13,831 - app.services.tushare_daily_service - INFO - 开始同步每日行情数据: trade_date=None, start_date=20221101, end_date=20251031
2025-10-31 17:26:15,358 - app.services.tushare_daily_service - INFO - 每日行情数据同步完成: 总计7840条记录
2025-10-31 17:26:16,361 - app.services.tushare_daily_service - INFO - 开始同步每日行情数据: trade_date=None, start_date=20221101, end_date=20251031
2025-10-31 17:26:17,818 - app.services.tushare_daily_service - INFO - 每日行情数据同步完成: 总计7840条记录
2025-10-31 17:26:18,833 - app.services.tushare_daily_service - INFO - 开始同步每日行情数据: trade_date=None, start_date=20221101, end_date=20251031
2025-10-31 17:26:20,430 - app.services.tushare_daily_service - INFO - 每日行情数据同步完成: 总计7840条记录
2025-10-31 17:26:21,446 - app.services.tushare_daily_service - INFO - 开始同步每日行情数据: trade_date=None, start_date=20221101, end_date=20251031
2025-10-31 17:26:22,971 - app.services.tushare_daily_service - INFO - 每日行情数据同步完成: 总计7840条记录
2025-10-31 17:26:23,980 - app.services.tushare_daily_service - INFO - 开始同步每日行情数据: trade_date=None, start_date=20221101, end_date=20251031
2025-10-31 17:26:25,483 - app.services.tushare_daily_service - INFO - 每日行情数据同步完成: 总计7840条记录
2025-10-31 17:26:26,493 - app.services.tushare_daily_service - INFO - 开始同步每日行情数据: trade_date=None, start_date=20221101, end_date=20251031
2025-10-31 17:26:28,002 - app.services.tushare_daily_service - INFO - 每日行情数据同步完成: 总计7840条记录
2025-10-31 17:26:29,016 - app.services.tushare_daily_service - INFO - 开始同步每日行情数据: trade_date=None, start_date=20221101, end_date=20251031
2025-10-31 17:26:30,567 - app.services.tushare_daily_service - INFO - 每日行情数据同步完成: 总计7840条记录
2025-10-31 17:26:31,582 - app.services.tushare_daily_service - INFO - 开始同步每日行情数据: trade_date=None, start_date=20221101, end_date=20251031
2025-10-31 17:26:33,105 - app.services.tushare_daily_service - INFO - 每日行情数据同步完成: 总计7840条记录
2025-10-31 17:26:34,117 - app.services.tushare_daily_service - INFO - 开始同步每日行情数据: trade_date=None, start_date=20221101, end_date=20251031
2025-10-31 17:26:35,618 - app.services.tushare_daily_service - INFO - 每日行情数据同步完成: 总计7840条记录
2025-10-31 17:26:36,620 - app.services.tushare_daily_service - INFO - 开始同步每日行情数据: trade_date=None, start_date=20221101, end_date=20251031
2025-10-31 17:26:38,269 - app.services.tushare_daily_service - INFO - 每日行情数据同步完成: 总计7840条记录
2025-10-31 17:26:39,271 - app.services.tushare_daily_service - INFO - 开始同步每日行情数据: trade_date=None, start_date=20221101, end_date=20251031
2025-10-31 17:26:41,079 - app.services.tushare_daily_service - INFO - 每日行情数据同步完成: 总计7840条记录
2025-10-31 17:26:42,084 - app.services.tushare_daily_service - INFO - 开始同步每日行情数据: trade_date=None, start_date=20221101, end_date=20251031
2025-10-31 17:26:44,622 - app.services.tushare_daily_service - INFO - 每日行情数据同步完成: 总计7840条记录
2025-10-31 17:26:45,633 - app.services.tushare_daily_service - INFO - 开始同步每日行情数据: trade_date=None, start_date=20221101, end_date=20251031
2025-10-31 17:26:48,090 - app.services.tushare_daily_service - INFO - 每日行情数据同步完成: 总计7840条记录
2025-10-31 17:26:49,105 - app.services.tushare_daily_service - INFO - 开始同步每日行情数据: trade_date=None, start_date=20221101, end_date=20251031
2025-10-31 17:26:50,650 - app.services.tushare_daily_service - INFO - 每日行情数据同步完成: 总计7840条记录
2025-10-31 17:26:51,655 - app.services.tushare_daily_service - INFO - 开始同步每日行情数据: trade_date=None, start_date=20221101, end_date=20251031
2025-10-31 17:26:53,197 - app.services.tushare_daily_service - INFO - 每日行情数据同步完成: 总计7840条记录
2025-10-31 17:26:54,209 - app.services.tushare_daily_service - INFO - 开始同步每日行情数据: trade_date=None, start_date=20221101, end_date=20251031
2025-10-31 17:26:55,716 - app.services.tushare_daily_service - INFO - 每日行情数据同步完成: 总计7840条记录
2025-10-31 17:26:56,729 - app.services.tushare_daily_service - INFO - 开始同步每日行情数据: trade_date=None, start_date=20221101, end_date=20251031
2025-10-31 17:26:58,233 - app.services.tushare_daily_service - INFO - 每日行情数据同步完成: 总计7840条记录
2025-10-31 17:26:59,248 - app.services.tushare_daily_service - INFO - 开始同步每日行情数据: trade_date=None, start_date=20221101, end_date=20251031
2025-10-31 17:27:00,751 - app.services.tushare_daily_service - INFO - 每日行情数据同步完成: 总计7840条记录
2025-10-31 17:27:01,755 - app.services.tushare_daily_service - INFO - 开始同步每日行情数据: trade_date=None, start_date=20221101, end_date=20251031
2025-10-31 17:27:03,258 - app.services.tushare_daily_service - INFO - 每日行情数据同步完成: 总计7840条记录
2025-10-31 17:27:04,261 - app.services.tushare_daily_service - INFO - 开始同步每日行情数据: trade_date=None, start_date=20221101, end_date=20251031
2025-10-31 17:27:05,758 - app.services.tushare_daily_service - INFO - 每日行情数据同步完成: 总计7840条记录
2025-10-31 17:27:06,764 - app.services.tushare_daily_service - INFO - 开始同步每日行情数据: trade_date=None, start_date=20221101, end_date=20251031
2025-10-31 17:27:08,300 - app.services.tushare_daily_service - INFO - 每日行情数据同步完成: 总计7840条记录
2025-10-31 17:27:09,303 - app.services.tushare_daily_service - INFO - 开始同步每日行情数据: trade_date=None, start_date=20221101, end_date=20251031
2025-10-31 17:27:10,784 - app.services.tushare_daily_service - INFO - 每日行情数据同步完成: 总计7840条记录
2025-10-31 17:27:11,797 - app.services.tushare_daily_service - INFO - 开始同步每日行情数据: trade_date=None, start_date=20221101, end_date=20251031
2025-10-31 17:27:13,257 - app.services.tushare_daily_service - INFO - 每日行情数据同步完成: 总计7840条记录
2025-10-31 17:27:14,261 - app.services.tushare_daily_service - INFO - 开始同步每日行情数据: trade_date=None, start_date=20221101, end_date=20251031
2025-10-31 17:27:15,759 - app.services.tushare_daily_service - INFO - 每日行情数据同步完成: 总计7840条记录
2025-10-31 17:27:16,768 - app.services.tushare_daily_service - INFO - 开始同步每日行情数据: trade_date=None, start_date=20221101, end_date=20251031
2025-10-31 17:27:18,337 - app.services.tushare_daily_service - INFO - 每日行情数据同步完成: 总计7840条记录
2025-10-31 17:27:19,347 - app.services.tushare_daily_service - INFO - 开始同步每日行情数据: trade_date=None, start_date=20221101, end_date=20251031
2025-10-31 17:27:20,861 - app.services.tushare_daily_service - INFO - 每日行情数据同步完成: 总计7840条记录
2025-10-31 17:27:21,863 - app.services.tushare_daily_service - INFO - 开始同步每日行情数据: trade_date=None, start_date=20221101, end_date=20251031
2025-10-31 17:27:23,389 - app.services.tushare_daily_service - INFO - 每日行情数据同步完成: 总计7840条记录
2025-10-31 17:27:24,395 - app.services.tushare_daily_service - INFO - 开始同步每日行情数据: trade_date=None, start_date=20221101, end_date=20251031
2025-10-31 17:27:25,858 - app.services.tushare_daily_service - INFO - 每日行情数据同步完成: 总计7840条记录
2025-10-31 17:27:26,870 - app.services.tushare_daily_service - INFO - 开始同步每日行情数据: trade_date=None, start_date=20221101, end_date=20251031
2025-10-31 17:27:29,294 - app.services.tushare_daily_service - INFO - 每日行情数据同步完成: 总计7840条记录
2025-10-31 17:27:30,299 - app.services.tushare_daily_service - INFO - 开始同步每日行情数据: trade_date=None, start_date=20221101, end_date=20251031
2025-10-31 17:27:33,004 - app.services.tushare_daily_service - INFO - 每日行情数据同步完成: 总计7840条记录
2025-10-31 17:27:34,013 - app.services.tushare_daily_service - INFO - 开始同步每日行情数据: trade_date=None, start_date=20221101, end_date=20251031
2025-10-31 17:27:36,748 - app.services.tushare_daily_service - INFO - 每日行情数据同步完成: 总计7840条记录
2025-10-31 17:27:37,758 - app.services.tushare_daily_service - INFO - 开始同步每日行情数据: trade_date=None, start_date=20221101, end_date=20251031
2025-10-31 17:27:40,136 - app.services.tushare_daily_service - INFO - 每日行情数据同步完成: 总计7840条记录
2025-10-31 17:27:41,139 - app.services.tushare_daily_service - INFO - 开始同步每日行情数据: trade_date=None, start_date=20221101, end_date=20251031
2025-10-31 17:27:42,696 - app.services.tushare_daily_service - INFO - 每日行情数据同步完成: 总计7840条记录
2025-10-31 17:27:43,707 - app.services.tushare_daily_service - INFO - 开始同步每日行情数据: trade_date=None, start_date=20221101, end_date=20251031
2025-10-31 17:27:45,205 - app.services.tushare_daily_service - INFO - 每日行情数据同步完成: 总计7840条记录
2025-10-31 17:27:46,214 - app.services.tushare_daily_service - INFO - 开始同步每日行情数据: trade_date=None, start_date=20221101, end_date=20251031
2025-10-31 17:27:47,739 - app.services.tushare_daily_service - INFO - 每日行情数据同步完成: 总计7840条记录
2025-10-31 17:27:48,741 - app.services.tushare_daily_service - INFO - 开始同步每日行情数据: trade_date=None, start_date=20221101, end_date=20251031
2025-10-31 17:27:50,201 - app.services.tushare_daily_service - INFO - 每日行情数据同步完成: 总计7840条记录
2025-10-31 17:27:51,207 - app.services.tushare_daily_service - INFO - 开始同步每日行情数据: trade_date=None, start_date=20221101, end_date=20251031
2025-10-31 17:27:52,702 - app.services.tushare_daily_service - INFO - 每日行情数据同步完成: 总计7840条记录
2025-10-31 17:27:53,717 - app.services.tushare_daily_service - INFO - 开始同步每日行情数据: trade_date=None, start_date=20221101, end_date=20251031
2025-10-31 17:27:55,233 - app.services.tushare_daily_service - INFO - 每日行情数据同步完成: 总计7840条记录
2025-10-31 17:27:56,239 - app.services.tushare_daily_service - INFO - 开始同步每日行情数据: trade_date=None, start_date=20221101, end_date=20251031
2025-10-31 17:27:57,776 - app.services.tushare_daily_service - INFO - 每日行情数据同步完成: 总计7840条记录
2025-10-31 17:27:58,788 - app.services.tushare_daily_service - INFO - 开始同步每日行情数据: trade_date=None, start_date=20221101, end_date=20251031
2025-10-31 17:28:00,359 - app.services.tushare_daily_service - INFO - 每日行情数据同步完成: 总计7840条记录
2025-10-31 17:28:01,374 - app.services.tushare_daily_service - INFO - 开始同步每日行情数据: trade_date=None, start_date=20221101, end_date=20251031
2025-10-31 17:28:02,932 - app.services.tushare_daily_service - INFO - 每日行情数据同步完成: 总计7840条记录
2025-10-31 17:28:03,943 - app.services.tushare_daily_service - INFO - 开始同步每日行情数据: trade_date=None, start_date=20221101, end_date=20251031
2025-10-31 17:28:05,457 - app.services.tushare_daily_service - INFO - 每日行情数据同步完成: 总计7840条记录
2025-10-31 17:28:06,464 - app.services.tushare_daily_service - INFO - 开始同步每日行情数据: trade_date=None, start_date=20221101, end_date=20251031
2025-10-31 17:28:08,095 - app.services.tushare_daily_service - INFO - 每日行情数据同步完成: 总计7840条记录
2025-10-31 17:28:09,111 - app.services.tushare_daily_service - INFO - 开始同步每日行情数据: trade_date=None, start_date=20221101, end_date=20251031
2025-10-31 17:28:10,670 - app.services.tushare_daily_service - INFO - 每日行情数据同步完成: 总计7840条记录
2025-10-31 17:28:11,678 - app.services.tushare_daily_service - INFO - 开始同步每日行情数据: trade_date=None, start_date=20221101, end_date=20251031
2025-10-31 17:28:13,270 - app.services.tushare_daily_service - INFO - 每日行情数据同步完成: 总计7840条记录
2025-10-31 17:28:14,281 - app.services.tushare_daily_service - INFO - 开始同步每日行情数据: trade_date=None, start_date=20221101, end_date=20251031
2025-10-31 17:28:15,835 - app.services.tushare_daily_service - INFO - 每日行情数据同步完成: 总计7840条记录
2025-10-31 17:28:16,836 - app.services.tushare_daily_service - INFO - 开始同步每日行情数据: trade_date=None, start_date=20221101, end_date=20251031
2025-10-31 17:28:18,388 - app.services.tushare_daily_service - INFO - 每日行情数据同步完成: 总计7840条记录
2025-10-31 17:28:19,405 - app.services.tushare_daily_service - INFO - 开始同步每日行情数据: trade_date=None, start_date=20221101, end_date=20251031
2025-10-31 17:28:20,974 - app.services.tushare_daily_service - INFO - 每日行情数据同步完成: 总计7840条记录
2025-10-31 17:28:21,992 - app.services.tushare_daily_service - INFO - 开始同步每日行情数据: trade_date=None, start_date=20221101, end_date=20251031
2025-10-31 17:28:23,509 - app.services.tushare_daily_service - INFO - 每日行情数据同步完成: 总计7840条记录
2025-10-31 17:28:24,513 - app.services.tushare_daily_service - INFO - 开始同步每日行情数据: trade_date=None, start_date=20221101, end_date=20251031
2025-10-31 17:28:26,076 - app.services.tushare_daily_service - INFO - 每日行情数据同步完成: 总计7840条记录
2025-10-31 17:28:27,093 - app.services.tushare_daily_service - INFO - 开始同步每日行情数据: trade_date=None, start_date=20221101, end_date=20251031
2025-10-31 17:28:28,809 - app.services.tushare_daily_service - INFO - 每日行情数据同步完成: 总计7840条记录
2025-10-31 17:28:29,814 - app.services.tushare_daily_service - INFO - 开始同步每日行情数据: trade_date=None, start_date=20221101, end_date=20251031
2025-10-31 17:28:31,714 - app.services.tushare_daily_service - INFO - 每日行情数据同步完成: 总计7840条记录
2025-10-31 17:28:32,723 - app.services.tushare_daily_service - INFO - 开始同步每日行情数据: trade_date=None, start_date=20221101, end_date=20251031
2025-10-31 17:28:34,474 - app.services.tushare_daily_service - INFO - 每日行情数据同步完成: 总计7840条记录
2025-10-31 17:28:35,478 - app.services.tushare_daily_service - INFO - 开始同步每日行情数据: trade_date=None, start_date=20221101, end_date=20251031
2025-10-31 17:28:37,115 - app.services.tushare_daily_service - INFO - 每日行情数据同步完成: 总计7840条记录
2025-10-31 17:28:38,126 - app.services.tushare_daily_service - INFO - 开始同步每日行情数据: trade_date=None, start_date=20221101, end_date=20251031
2025-10-31 17:28:39,859 - app.services.tushare_daily_service - INFO - 每日行情数据同步完成: 总计7840条记录
2025-10-31 17:28:40,865 - app.services.tushare_daily_service - INFO - 开始同步每日行情数据: trade_date=None, start_date=20221101, end_date=20251031
2025-10-31 17:28:42,645 - app.services.tushare_daily_service - INFO - 每日行情数据同步完成: 总计7840条记录
2025-10-31 17:28:43,656 - app.services.tushare_daily_service - INFO - 开始同步每日行情数据: trade_date=None, start_date=20221101, end_date=20251031
2025-10-31 17:28:45,561 - app.services.tushare_daily_service - INFO - 每日行情数据同步完成: 总计7840条记录
2025-10-31 17:28:46,573 - app.services.tushare_daily_service - INFO - 开始同步每日行情数据: trade_date=None, start_date=20221101, end_date=20251031
2025-10-31 17:28:48,302 - app.services.tushare_daily_service - INFO - 每日行情数据同步完成: 总计7840条记录
2025-10-31 17:28:49,311 - app.services.tushare_daily_service - INFO - 开始同步每日行情数据: trade_date=None, start_date=20221101, end_date=20251031
2025-10-31 17:28:51,100 - app.services.tushare_daily_service - INFO - 每日行情数据同步完成: 总计7840条记录
2025-10-31 17:28:52,115 - app.services.tushare_daily_service - INFO - 开始同步每日行情数据: trade_date=None, start_date=20221101, end_date=20251031
2025-10-31 17:28:53,681 - app.services.tushare_daily_service - INFO - 每日行情数据同步完成: 总计7840条记录
2025-10-31 17:28:54,688 - app.services.tushare_daily_service - INFO - 开始同步每日行情数据: trade_date=None, start_date=20221101, end_date=20251031
2025-10-31 17:28:56,328 - app.services.tushare_daily_service - INFO - 每日行情数据同步完成: 总计7840条记录
2025-10-31 17:28:57,333 - app.services.tushare_daily_service - INFO - 开始同步每日行情数据: trade_date=None, start_date=20221101, end_date=20251031
2025-10-31 17:28:58,928 - app.services.tushare_daily_service - INFO - 每日行情数据同步完成: 总计7840条记录
2025-10-31 17:28:59,943 - app.services.tushare_daily_service - INFO - 开始同步每日行情数据: trade_date=None, start_date=20221101, end_date=20251031
2025-10-31 17:29:01,681 - app.services.tushare_daily_service - INFO - 每日行情数据同步完成: 总计7840条记录
2025-10-31 17:29:02,683 - app.services.tushare_daily_service - INFO - 开始同步每日行情数据: trade_date=None, start_date=20221101, end_date=20251031
2025-10-31 17:29:04,246 - app.services.tushare_daily_service - INFO - 每日行情数据同步完成: 总计7840条记录
2025-10-31 17:29:05,248 - app.services.tushare_daily_service - INFO - 开始同步每日行情数据: trade_date=None, start_date=20221101, end_date=20251031
2025-10-31 17:29:06,782 - app.services.tushare_daily_service - INFO - 每日行情数据同步完成: 总计7840条记录
2025-10-31 17:29:07,786 - app.services.tushare_daily_service - INFO - 开始同步每日行情数据: trade_date=None, start_date=20221101, end_date=20251031
2025-10-31 17:29:09,380 - app.services.tushare_daily_service - INFO - 每日行情数据同步完成: 总计7840条记录
2025-10-31 17:29:10,381 - app.services.tushare_daily_service - INFO - 开始同步每日行情数据: trade_date=None, start_date=20221101, end_date=20251031
2025-10-31 17:29:12,806 - app.services.tushare_daily_service - INFO - 每日行情数据同步完成: 总计7840条记录
2025-10-31 17:29:13,822 - app.services.tushare_daily_service - INFO - 开始同步每日行情数据: trade_date=None, start_date=20221101, end_date=20251031
2025-10-31 17:29:16,755 - app.services.tushare_daily_service - INFO - 每日行情数据同步完成: 总计7840条记录
2025-10-31 17:29:17,762 - app.services.tushare_daily_service - INFO - 开始同步每日行情数据: trade_date=None, start_date=20221101, end_date=20251031
2025-10-31 17:29:20,435 - app.services.tushare_daily_service - INFO - 每日行情数据同步完成: 总计7840条记录
2025-10-31 17:29:21,450 - app.services.tushare_daily_service - INFO - 开始同步每日行情数据: trade_date=None, start_date=20221101, end_date=20251031
2025-10-31 17:29:24,082 - app.services.tushare_daily_service - INFO - 每日行情数据同步完成: 总计7840条记录
2025-10-31 17:29:25,088 - app.services.tushare_daily_service - INFO - 开始同步每日行情数据: trade_date=None, start_date=20221101, end_date=20251031
2025-10-31 17:29:28,017 - app.services.tushare_daily_service - INFO - 每日行情数据同步完成: 总计7840条记录
2025-10-31 17:29:29,032 - app.services.tushare_daily_service - INFO - 开始同步每日行情数据: trade_date=None, start_date=20221101, end_date=20251031
2025-10-31 17:29:31,067 - app.services.tushare_daily_service - INFO - 每日行情数据同步完成: 总计7840条记录
2025-10-31 17:29:32,077 - app.services.tushare_daily_service - INFO - 开始同步每日行情数据: trade_date=None, start_date=20221101, end_date=20251031
2025-10-31 17:29:33,953 - app.services.tushare_daily_service - INFO - 每日行情数据同步完成: 总计7840条记录
2025-10-31 17:29:34,956 - app.services.tushare_daily_service - INFO - 开始同步每日行情数据: trade_date=None, start_date=20221101, end_date=20251031
2025-10-31 17:29:36,513 - app.services.tushare_daily_service - INFO - 每日行情数据同步完成: 总计7840条记录
2025-10-31 17:29:37,516 - app.services.tushare_daily_service - INFO - 开始同步每日行情数据: trade_date=None, start_date=20221101, end_date=20251031
2025-10-31 17:29:39,134 - app.services.tushare_daily_service - INFO - 每日行情数据同步完成: 总计7840条记录
2025-10-31 17:29:40,147 - app.services.tushare_daily_service - INFO - 开始同步每日行情数据: trade_date=None, start_date=20221101, end_date=20251031
2025-10-31 17:29:41,651 - app.services.tushare_daily_service - INFO - 每日行情数据同步完成: 总计7840条记录
2025-10-31 17:29:42,655 - app.services.tushare_daily_service - INFO - 开始同步每日行情数据: trade_date=None, start_date=20221101, end_date=20251031
2025-10-31 17:29:44,193 - app.services.tushare_daily_service - INFO - 每日行情数据同步完成: 总计7840条记录
2025-10-31 17:29:45,209 - app.services.tushare_daily_service - INFO - 开始同步每日行情数据: trade_date=None, start_date=20221101, end_date=20251031
2025-10-31 17:29:46,722 - app.services.tushare_daily_service - INFO - 每日行情数据同步完成: 总计7840条记录
2025-10-31 17:29:47,727 - app.services.tushare_daily_service - INFO - 开始同步每日行情数据: trade_date=None, start_date=20221101, end_date=20251031
2025-10-31 17:29:49,225 - app.services.tushare_daily_service - INFO - 每日行情数据同步完成: 总计7840条记录
2025-10-31 17:29:50,233 - app.services.tushare_daily_service - INFO - 开始同步每日行情数据: trade_date=None, start_date=20221101, end_date=20251031
2025-10-31 17:29:51,907 - app.services.tushare_daily_service - INFO - 每日行情数据同步完成: 总计7840条记录
2025-10-31 17:29:52,912 - app.services.tushare_daily_service - INFO - 开始同步每日行情数据: trade_date=None, start_date=20221101, end_date=20251031
2025-10-31 17:29:54,409 - app.services.tushare_daily_service - INFO - 每日行情数据同步完成: 总计7840条记录
2025-10-31 17:29:55,418 - app.services.tushare_daily_service - INFO - 开始同步每日行情数据: trade_date=None, start_date=20221101, end_date=20251031
2025-10-31 17:29:56,880 - app.services.tushare_daily_service - INFO - 每日行情数据同步完成: 总计7840条记录
2025-10-31 17:29:57,894 - app.services.tushare_daily_service - INFO - 开始同步每日行情数据: trade_date=None, start_date=20221101, end_date=20251031
2025-10-31 17:29:59,364 - app.services.tushare_daily_service - INFO - 每日行情数据同步完成: 总计7840条记录
2025-10-31 17:30:00,380 - app.services.tushare_daily_service - INFO - 开始同步每日行情数据: trade_date=None, start_date=20221101, end_date=20251031
2025-10-31 17:30:01,869 - app.services.tushare_daily_service - INFO - 每日行情数据同步完成: 总计7840条记录
2025-10-31 17:30:02,884 - app.services.tushare_daily_service - INFO - 开始同步每日行情数据: trade_date=None, start_date=20221101, end_date=20251031
2025-10-31 17:30:04,407 - app.services.tushare_daily_service - INFO - 每日行情数据同步完成: 总计7840条记录
2025-10-31 17:30:05,423 - app.services.tushare_daily_service - INFO - 开始同步每日行情数据: trade_date=None, start_date=20221101, end_date=20251031
2025-10-31 17:30:06,911 - app.services.tushare_daily_service - INFO - 每日行情数据同步完成: 总计7840条记录
2025-10-31 17:30:07,915 - app.services.tushare_daily_service - INFO - 开始同步每日行情数据: trade_date=None, start_date=20221101, end_date=20251031
2025-10-31 17:30:09,510 - app.services.tushare_daily_service - INFO - 每日行情数据同步完成: 总计7840条记录
2025-10-31 17:30:10,524 - app.services.tushare_daily_service - INFO - 开始同步每日行情数据: trade_date=None, start_date=20221101, end_date=20251031
2025-10-31 17:30:12,007 - app.services.tushare_daily_service - INFO - 每日行情数据同步完成: 总计7840条记录
2025-10-31 17:30:13,013 - app.services.tushare_daily_service - INFO - 开始同步每日行情数据: trade_date=None, start_date=20221101, end_date=20251031
2025-10-31 17:30:14,573 - app.services.tushare_daily_service - INFO - 每日行情数据同步完成: 总计7840条记录
2025-10-31 17:30:15,578 - app.services.tushare_daily_service - INFO - 开始同步每日行情数据: trade_date=None, start_date=20221101, end_date=20251031
2025-10-31 17:30:17,102 - app.services.tushare_daily_service - INFO - 每日行情数据同步完成: 总计7840条记录
2025-10-31 17:30:18,114 - app.services.tushare_daily_service - INFO - 开始同步每日行情数据: trade_date=None, start_date=20221101, end_date=20251031
2025-10-31 17:30:19,709 - app.services.tushare_daily_service - INFO - 每日行情数据同步完成: 总计7840条记录
2025-10-31 17:30:20,712 - app.services.tushare_daily_service - INFO - 开始同步每日行情数据: trade_date=None, start_date=20221101, end_date=20251031
2025-10-31 17:30:22,214 - app.services.tushare_daily_service - INFO - 每日行情数据同步完成: 总计7840条记录
2025-10-31 17:30:23,216 - app.services.tushare_daily_service - INFO - 开始同步每日行情数据: trade_date=None, start_date=20221101, end_date=20251031
2025-10-31 17:30:24,908 - app.services.tushare_daily_service - INFO - 每日行情数据同步完成: 总计7840条记录
2025-10-31 17:30:25,912 - app.services.tushare_daily_service - INFO - 开始同步每日行情数据: trade_date=None, start_date=20221101, end_date=20251031
2025-10-31 17:30:27,445 - app.services.tushare_daily_service - INFO - 每日行情数据同步完成: 总计7840条记录
2025-10-31 17:30:28,453 - app.services.tushare_daily_service - INFO - 开始同步每日行情数据: trade_date=None, start_date=20221101, end_date=20251031
2025-10-31 17:30:29,993 - app.services.tushare_daily_service - INFO - 每日行情数据同步完成: 总计7840条记录
2025-10-31 17:30:31,002 - app.services.tushare_daily_service - INFO - 开始同步每日行情数据: trade_date=None, start_date=20221101, end_date=20251031
2025-10-31 17:30:32,509 - app.services.tushare_daily_service - INFO - 每日行情数据同步完成: 总计7840条记录
2025-10-31 17:30:33,524 - app.services.tushare_daily_service - INFO - 开始同步每日行情数据: trade_date=None, start_date=20221101, end_date=20251031
2025-10-31 17:30:35,105 - app.services.tushare_daily_service - INFO - 每日行情数据同步完成: 总计7840条记录
2025-10-31 17:30:36,109 - app.services.tushare_daily_service - INFO - 开始同步每日行情数据: trade_date=None, start_date=20221101, end_date=20251031
2025-10-31 17:30:37,682 - app.services.tushare_daily_service - INFO - 每日行情数据同步完成: 总计7840条记录
2025-10-31 17:30:38,693 - app.services.tushare_daily_service - INFO - 开始同步每日行情数据: trade_date=None, start_date=20221101, end_date=20251031
2025-10-31 17:30:40,216 - app.services.tushare_daily_service - INFO - 每日行情数据同步完成: 总计7840条记录
2025-10-31 17:30:41,224 - app.services.tushare_daily_service - INFO - 开始同步每日行情数据: trade_date=None, start_date=20221101, end_date=20251031
2025-10-31 17:30:42,812 - app.services.tushare_daily_service - INFO - 每日行情数据同步完成: 总计7840条记录
2025-10-31 17:30:43,822 - app.services.tushare_daily_service - INFO - 开始同步每日行情数据: trade_date=None, start_date=20221101, end_date=20251031
2025-10-31 17:30:45,307 - app.services.tushare_daily_service - INFO - 每日行情数据同步完成: 总计7840条记录
2025-10-31 17:30:46,323 - app.services.tushare_daily_service - INFO - 开始同步每日行情数据: trade_date=None, start_date=20221101, end_date=20251031
2025-10-31 17:30:47,845 - app.services.tushare_daily_service - INFO - 每日行情数据同步完成: 总计7840条记录
2025-10-31 17:30:48,860 - app.services.tushare_daily_service - INFO - 开始同步每日行情数据: trade_date=None, start_date=20221101, end_date=20251031
2025-10-31 17:30:50,392 - app.services.tushare_daily_service - INFO - 每日行情数据同步完成: 总计7840条记录
2025-10-31 17:30:51,397 - app.services.tushare_daily_service - INFO - 开始同步每日行情数据: trade_date=None, start_date=20221101, end_date=20251031
2025-10-31 17:30:52,998 - app.services.tushare_daily_service - INFO - 每日行情数据同步完成: 总计7840条记录
2025-10-31 17:30:53,999 - app.services.tushare_daily_service - INFO - 开始同步每日行情数据: trade_date=None, start_date=20221101, end_date=20251031
2025-10-31 17:30:55,741 - app.services.tushare_daily_service - INFO - 每日行情数据同步完成: 总计7840条记录
2025-10-31 17:30:56,757 - app.services.tushare_daily_service - INFO - 开始同步每日行情数据: trade_date=None, start_date=20221101, end_date=20251031
2025-10-31 17:30:58,328 - app.services.tushare_daily_service - INFO - 每日行情数据同步完成: 总计7840条记录
2025-10-31 17:30:59,336 - app.services.tushare_daily_service - INFO - 开始同步每日行情数据: trade_date=None, start_date=20221101, end_date=20251031
2025-10-31 17:31:01,220 - app.services.tushare_daily_service - INFO - 每日行情数据同步完成: 总计7840条记录
2025-10-31 17:31:02,234 - app.services.tushare_daily_service - INFO - 开始同步每日行情数据: trade_date=None, start_date=20221101, end_date=20251031
2025-10-31 17:31:03,953 - app.services.tushare_daily_service - INFO - 每日行情数据同步完成: 总计7840条记录
2025-10-31 17:31:04,963 - app.services.tushare_daily_service - INFO - 开始同步每日行情数据: trade_date=None, start_date=20221101, end_date=20251031
2025-10-31 17:31:06,559 - app.services.tushare_daily_service - INFO - 每日行情数据同步完成: 总计7840条记录
2025-10-31 17:31:07,564 - app.services.tushare_daily_service - INFO - 开始同步每日行情数据: trade_date=None, start_date=20221101, end_date=20251031
2025-10-31 17:31:09,295 - app.services.tushare_daily_service - INFO - 每日行情数据同步完成: 总计7840条记录
2025-10-31 17:31:10,303 - app.services.tushare_daily_service - INFO - 开始同步每日行情数据: trade_date=None, start_date=20221101, end_date=20251031
2025-10-31 17:31:11,862 - app.services.tushare_daily_service - INFO - 每日行情数据同步完成: 总计7840条记录
2025-10-31 17:31:12,870 - app.services.tushare_daily_service - INFO - 开始同步每日行情数据: trade_date=None, start_date=20221101, end_date=20251031
2025-10-31 17:31:14,490 - app.services.tushare_daily_service - INFO - 每日行情数据同步完成: 总计7840条记录
2025-10-31 17:31:15,500 - app.services.tushare_daily_service - INFO - 开始同步每日行情数据: trade_date=None, start_date=20221101, end_date=20251031
2025-10-31 17:31:17,088 - app.services.tushare_daily_service - INFO - 每日行情数据同步完成: 总计7840条记录
2025-10-31 17:31:18,097 - app.services.tushare_daily_service - INFO - 开始同步每日行情数据: trade_date=None, start_date=20221101, end_date=20251031
2025-10-31 17:31:19,622 - app.services.tushare_daily_service - INFO - 每日行情数据同步完成: 总计7840条记录
2025-10-31 17:31:20,628 - app.services.tushare_daily_service - INFO - 开始同步每日行情数据: trade_date=None, start_date=20221101, end_date=20251031
2025-10-31 17:31:22,169 - app.services.tushare_daily_service - INFO - 每日行情数据同步完成: 总计7840条记录
2025-10-31 17:31:23,185 - app.services.tushare_daily_service - INFO - 开始同步每日行情数据: trade_date=None, start_date=20221101, end_date=20251031
2025-10-31 17:31:24,741 - app.services.tushare_daily_service - INFO - 每日行情数据同步完成: 总计7840条记录
2025-10-31 17:31:25,757 - app.services.tushare_daily_service - INFO - 开始同步每日行情数据: trade_date=None, start_date=20221101, end_date=20251031
2025-10-31 17:31:27,427 - app.services.tushare_daily_service - INFO - 每日行情数据同步完成: 总计7840条记录
2025-10-31 17:31:28,437 - app.services.tushare_daily_service - INFO - 开始同步每日行情数据: trade_date=None, start_date=20221101, end_date=20251031
2025-10-31 17:31:30,050 - app.services.tushare_daily_service - INFO - 每日行情数据同步完成: 总计7840条记录
2025-10-31 17:31:31,064 - app.services.tushare_daily_service - INFO - 开始同步每日行情数据: trade_date=None, start_date=20221101, end_date=20251031
2025-10-31 17:31:32,643 - app.services.tushare_daily_service - INFO - 每日行情数据同步完成: 总计7840条记录
2025-10-31 17:31:33,658 - app.services.tushare_daily_service - INFO - 开始同步每日行情数据: trade_date=None, start_date=20221101, end_date=20251031
2025-10-31 17:31:35,268 - app.services.tushare_daily_service - INFO - 每日行情数据同步完成: 总计7840条记录
2025-10-31 17:31:36,273 - app.services.tushare_daily_service - INFO - 开始同步每日行情数据: trade_date=None, start_date=20221101, end_date=20251031
2025-10-31 17:31:37,801 - app.services.tushare_daily_service - INFO - 每日行情数据同步完成: 总计7840条记录
2025-10-31 17:31:38,811 - app.services.tushare_daily_service - INFO - 开始同步每日行情数据: trade_date=None, start_date=20221101, end_date=20251031
2025-10-31 17:31:40,446 - app.services.tushare_daily_service - INFO - 每日行情数据同步完成: 总计7840条记录
2025-10-31 17:31:41,454 - app.services.tushare_daily_service - INFO - 开始同步每日行情数据: trade_date=None, start_date=20221101, end_date=20251031
2025-10-31 17:31:43,012 - app.services.tushare_daily_service - INFO - 每日行情数据同步完成: 总计7840条记录
2025-10-31 17:31:44,021 - app.services.tushare_daily_service - INFO - 开始同步每日行情数据: trade_date=None, start_date=20221101, end_date=20251031
2025-10-31 17:31:45,691 - app.services.tushare_daily_service - INFO - 每日行情数据同步完成: 总计7840条记录
2025-10-31 17:31:46,696 - app.services.tushare_daily_service - INFO - 开始同步每日行情数据: trade_date=None, start_date=20221101, end_date=20251031
2025-10-31 17:31:48,193 - app.services.tushare_daily_service - INFO - 每日行情数据同步完成: 总计7840条记录
2025-10-31 17:31:49,206 - app.services.tushare_daily_service - INFO - 开始同步每日行情数据: trade_date=None, start_date=20221101, end_date=20251031
2025-10-31 17:31:50,866 - app.services.tushare_daily_service - INFO - 每日行情数据同步完成: 总计7840条记录
2025-10-31 17:31:51,880 - app.services.tushare_daily_service - INFO - 开始同步每日行情数据: trade_date=None, start_date=20221101, end_date=20251031
2025-10-31 17:31:53,412 - app.services.tushare_daily_service - INFO - 每日行情数据同步完成: 总计7840条记录
2025-10-31 17:31:54,416 - app.services.tushare_daily_service - INFO - 开始同步每日行情数据: trade_date=None, start_date=20221101, end_date=20251031
2025-10-31 17:31:55,954 - app.services.tushare_daily_service - INFO - 每日行情数据同步完成: 总计7840条记录
2025-10-31 17:31:56,969 - app.services.tushare_daily_service - INFO - 开始同步每日行情数据: trade_date=None, start_date=20221101, end_date=20251031
2025-10-31 17:31:58,588 - app.services.tushare_daily_service - INFO - 每日行情数据同步完成: 总计7840条记录
2025-10-31 17:31:59,601 - app.services.tushare_daily_service - INFO - 开始同步每日行情数据: trade_date=None, start_date=20221101, end_date=20251031
2025-10-31 17:32:01,099 - app.services.tushare_daily_service - INFO - 每日行情数据同步完成: 总计7840条记录
2025-10-31 17:32:02,107 - app.services.tushare_daily_service - INFO - 开始同步每日行情数据: trade_date=None, start_date=20221101, end_date=20251031
2025-10-31 17:32:03,673 - app.services.tushare_daily_service - INFO - 每日行情数据同步完成: 总计7840条记录
2025-10-31 17:32:04,677 - app.services.tushare_daily_service - INFO - 开始同步每日行情数据: trade_date=None, start_date=20221101, end_date=20251031
2025-10-31 17:32:06,296 - app.services.tushare_daily_service - INFO - 每日行情数据同步完成: 总计7840条记录
2025-10-31 17:32:07,311 - app.services.tushare_daily_service - INFO - 开始同步每日行情数据: trade_date=None, start_date=20221101, end_date=20251031
2025-10-31 17:32:08,839 - app.services.tushare_daily_service - INFO - 每日行情数据同步完成: 总计7840条记录
2025-10-31 17:32:09,847 - app.services.tushare_daily_service - INFO - 开始同步每日行情数据: trade_date=None, start_date=20221101, end_date=20251031
2025-10-31 17:32:11,451 - app.services.tushare_daily_service - INFO - 每日行情数据同步完成: 总计7840条记录
2025-10-31 17:32:12,461 - app.services.tushare_daily_service - INFO - 开始同步每日行情数据: trade_date=None, start_date=20221101, end_date=20251031
2025-10-31 17:32:14,008 - app.services.tushare_daily_service - INFO - 每日行情数据同步完成: 总计7840条记录
2025-10-31 17:32:15,011 - app.services.tushare_daily_service - INFO - 开始同步每日行情数据: trade_date=None, start_date=20221101, end_date=20251031
2025-10-31 17:32:16,551 - app.services.tushare_daily_service - INFO - 每日行情数据同步完成: 总计7840条记录
2025-10-31 17:32:17,564 - app.services.tushare_daily_service - INFO - 开始同步每日行情数据: trade_date=None, start_date=20221101, end_date=20251031
2025-10-31 17:32:19,237 - app.services.tushare_daily_service - INFO - 每日行情数据同步完成: 总计7840条记录
2025-10-31 17:32:20,239 - app.services.tushare_daily_service - INFO - 开始同步每日行情数据: trade_date=None, start_date=20221101, end_date=20251031
2025-10-31 17:32:21,768 - app.services.tushare_daily_service - INFO - 每日行情数据同步完成: 总计7840条记录
2025-10-31 17:32:22,777 - app.services.tushare_daily_service - INFO - 开始同步每日行情数据: trade_date=None, start_date=20221101, end_date=20251031
2025-10-31 17:32:24,265 - app.services.tushare_daily_service - INFO - 每日行情数据同步完成: 总计7840条记录
2025-10-31 17:32:25,270 - app.services.tushare_daily_service - INFO - 开始同步每日行情数据: trade_date=None, start_date=20221101, end_date=20251031
2025-10-31 17:32:26,726 - app.services.tushare_daily_service - INFO - 每日行情数据同步完成: 总计7840条记录
2025-10-31 17:32:27,739 - app.services.tushare_daily_service - INFO - 开始同步每日行情数据: trade_date=None, start_date=20221101, end_date=20251031
2025-10-31 17:32:29,365 - app.services.tushare_daily_service - INFO - 每日行情数据同步完成: 总计7840条记录
2025-10-31 17:32:30,380 - app.services.tushare_daily_service - INFO - 开始同步每日行情数据: trade_date=None, start_date=20221101, end_date=20251031
2025-10-31 17:32:31,988 - app.services.tushare_daily_service - INFO - 每日行情数据同步完成: 总计7840条记录
2025-10-31 17:32:33,000 - app.services.tushare_daily_service - INFO - 开始同步每日行情数据: trade_date=None, start_date=20221101, end_date=20251031
2025-10-31 17:32:34,548 - app.services.tushare_daily_service - INFO - 每日行情数据同步完成: 总计7840条记录
2025-10-31 17:32:35,551 - app.services.tushare_daily_service - INFO - 开始同步每日行情数据: trade_date=None, start_date=20221101, end_date=20251031
2025-10-31 17:32:37,051 - app.services.tushare_daily_service - INFO - 每日行情数据同步完成: 总计7840条记录
2025-10-31 17:32:38,062 - app.services.tushare_daily_service - INFO - 开始同步每日行情数据: trade_date=None, start_date=20221101, end_date=20251031
2025-10-31 17:32:39,638 - app.services.tushare_daily_service - INFO - 每日行情数据同步完成: 总计7840条记录
2025-10-31 17:32:40,653 - app.services.tushare_daily_service - INFO - 开始同步每日行情数据: trade_date=None, start_date=20221101, end_date=20251031
2025-10-31 17:32:42,177 - app.services.tushare_daily_service - INFO - 每日行情数据同步完成: 总计7840条记录
2025-10-31 17:32:43,181 - app.services.tushare_daily_service - INFO - 开始同步每日行情数据: trade_date=None, start_date=20221101, end_date=20251031
2025-10-31 17:32:44,678 - app.services.tushare_daily_service - INFO - 每日行情数据同步完成: 总计7840条记录
2025-10-31 17:32:45,692 - app.services.tushare_daily_service - INFO - 开始同步每日行情数据: trade_date=None, start_date=20221101, end_date=20251031
2025-10-31 17:32:47,189 - app.services.tushare_daily_service - INFO - 每日行情数据同步完成: 总计7840条记录
2025-10-31 17:32:48,196 - app.services.tushare_daily_service - INFO - 开始同步每日行情数据: trade_date=None, start_date=20221101, end_date=20251031
2025-10-31 17:32:49,719 - app.services.tushare_daily_service - INFO - 每日行情数据同步完成: 总计7840条记录
2025-10-31 17:32:50,733 - app.services.tushare_daily_service - INFO - 开始同步每日行情数据: trade_date=None, start_date=20221101, end_date=20251031
2025-10-31 17:32:52,333 - app.services.tushare_daily_service - INFO - 每日行情数据同步完成: 总计7840条记录
2025-10-31 17:32:53,348 - app.services.tushare_daily_service - INFO - 开始同步每日行情数据: trade_date=None, start_date=20221101, end_date=20251031
2025-10-31 17:32:55,785 - app.services.tushare_daily_service - INFO - 每日行情数据同步完成: 总计7840条记录
2025-10-31 17:32:56,788 - app.services.tushare_daily_service - INFO - 开始同步每日行情数据: trade_date=None, start_date=20221101, end_date=20251031
2025-10-31 17:32:59,392 - app.services.tushare_daily_service - INFO - 每日行情数据同步完成: 总计7840条记录
2025-10-31 17:33:00,398 - app.services.tushare_daily_service - INFO - 开始同步每日行情数据: trade_date=None, start_date=20221101, end_date=20251031
2025-10-31 17:33:03,002 - app.services.tushare_daily_service - INFO - 每日行情数据同步完成: 总计7840条记录
2025-10-31 17:33:04,016 - app.services.tushare_daily_service - INFO - 开始同步每日行情数据: trade_date=None, start_date=20221101, end_date=20251031
2025-10-31 17:33:06,899 - app.services.tushare_daily_service - INFO - 每日行情数据同步完成: 总计7840条记录
2025-10-31 17:33:07,909 - app.services.tushare_daily_service - INFO - 开始同步每日行情数据: trade_date=None, start_date=20221101, end_date=20251031
2025-10-31 17:33:10,417 - app.services.tushare_daily_service - INFO - 每日行情数据同步完成: 总计7840条记录
2025-10-31 17:33:11,426 - app.services.tushare_daily_service - INFO - 开始同步每日行情数据: trade_date=None, start_date=20221101, end_date=20251031
2025-10-31 17:33:13,962 - app.services.tushare_daily_service - INFO - 每日行情数据同步完成: 总计7840条记录
2025-10-31 17:33:14,976 - app.services.tushare_daily_service - INFO - 开始同步每日行情数据: trade_date=None, start_date=20221101, end_date=20251031
2025-10-31 17:33:17,529 - app.services.tushare_daily_service - INFO - 每日行情数据同步完成: 总计7840条记录
2025-10-31 17:33:18,533 - app.services.tushare_daily_service - INFO - 开始同步每日行情数据: trade_date=None, start_date=20221101, end_date=20251031
2025-10-31 17:33:21,036 - app.services.tushare_daily_service - INFO - 每日行情数据同步完成: 总计7840条记录
2025-10-31 17:33:22,038 - app.services.tushare_daily_service - INFO - 开始同步每日行情数据: trade_date=None, start_date=20221101, end_date=20251031
2025-10-31 17:33:24,694 - app.services.tushare_daily_service - INFO - 每日行情数据同步完成: 总计7840条记录
2025-10-31 17:33:25,708 - app.services.tushare_daily_service - INFO - 开始同步每日行情数据: trade_date=None, start_date=20221101, end_date=20251031
2025-10-31 17:33:28,459 - app.services.tushare_daily_service - INFO - 每日行情数据同步完成: 总计7840条记录
2025-10-31 17:33:29,472 - app.services.tushare_daily_service - INFO - 开始同步每日行情数据: trade_date=None, start_date=20221101, end_date=20251031
2025-10-31 17:33:32,123 - app.services.tushare_daily_service - INFO - 每日行情数据同步完成: 总计7840条记录
2025-10-31 17:33:33,130 - app.services.tushare_daily_service - INFO - 开始同步每日行情数据: trade_date=None, start_date=20221101, end_date=20251031
2025-10-31 17:33:35,935 - app.services.tushare_daily_service - INFO - 每日行情数据同步完成: 总计7840条记录
2025-10-31 17:33:36,943 - app.services.tushare_daily_service - INFO - 开始同步每日行情数据: trade_date=None, start_date=20221101, end_date=20251031
2025-10-31 17:33:39,637 - app.services.tushare_daily_service - INFO - 每日行情数据同步完成: 总计7840条记录
2025-10-31 17:33:40,644 - app.services.tushare_daily_service - INFO - 开始同步每日行情数据: trade_date=None, start_date=20221101, end_date=20251031
2025-10-31 17:33:43,342 - app.services.tushare_daily_service - INFO - 每日行情数据同步完成: 总计7840条记录
2025-10-31 17:33:44,351 - app.services.tushare_daily_service - INFO - 开始同步每日行情数据: trade_date=None, start_date=20221101, end_date=20251031
2025-10-31 17:33:46,138 - app.services.tushare_daily_service - INFO - 每日行情数据同步完成: 总计7840条记录
2025-10-31 17:33:47,147 - app.services.tushare_daily_service - INFO - 开始同步每日行情数据: trade_date=None, start_date=20221101, end_date=20251031
2025-10-31 17:33:48,653 - app.services.tushare_daily_service - INFO - 每日行情数据同步完成: 总计7840条记录
2025-10-31 17:33:49,664 - app.services.tushare_daily_service - INFO - 开始同步每日行情数据: trade_date=None, start_date=20221101, end_date=20251031
2025-10-31 17:33:51,155 - app.services.tushare_daily_service - INFO - 每日行情数据同步完成: 总计7840条记录
2025-10-31 17:33:52,169 - app.services.tushare_daily_service - INFO - 开始同步每日行情数据: trade_date=None, start_date=20221101, end_date=20251031
2025-10-31 17:33:53,654 - app.services.tushare_daily_service - INFO - 每日行情数据同步完成: 总计7840条记录
2025-10-31 17:33:54,661 - app.services.tushare_daily_service - INFO - 开始同步每日行情数据: trade_date=None, start_date=20221101, end_date=20251031
2025-10-31 17:33:56,317 - app.services.tushare_daily_service - INFO - 每日行情数据同步完成: 总计7840条记录
2025-10-31 17:33:57,326 - app.services.tushare_daily_service - INFO - 开始同步每日行情数据: trade_date=None, start_date=20221101, end_date=20251031
2025-10-31 17:33:58,852 - app.services.tushare_daily_service - INFO - 每日行情数据同步完成: 总计7840条记录
2025-10-31 17:33:59,860 - app.services.tushare_daily_service - INFO - 开始同步每日行情数据: trade_date=None, start_date=20221101, end_date=20251031
2025-10-31 17:34:01,439 - app.services.tushare_daily_service - INFO - 每日行情数据同步完成: 总计7840条记录
2025-10-31 17:34:02,457 - app.services.tushare_daily_service - INFO - 开始同步每日行情数据: trade_date=None, start_date=20221101, end_date=20251031
2025-10-31 17:34:03,981 - app.services.tushare_daily_service - INFO - 每日行情数据同步完成: 总计7840条记录
2025-10-31 17:34:04,994 - app.services.tushare_daily_service - INFO - 开始同步每日行情数据: trade_date=None, start_date=20221101, end_date=20251031
2025-10-31 17:34:06,546 - app.services.tushare_daily_service - INFO - 每日行情数据同步完成: 总计7840条记录
2025-10-31 17:34:07,549 - app.services.tushare_daily_service - INFO - 开始同步每日行情数据: trade_date=None, start_date=20221101, end_date=20251031
2025-10-31 17:34:09,081 - app.services.tushare_daily_service - INFO - 每日行情数据同步完成: 总计7840条记录
2025-10-31 17:34:10,083 - app.services.tushare_daily_service - INFO - 开始同步每日行情数据: trade_date=None, start_date=20221101, end_date=20251031
2025-10-31 17:34:11,587 - app.services.tushare_daily_service - INFO - 每日行情数据同步完成: 总计7840条记录
2025-10-31 17:34:12,592 - app.services.tushare_daily_service - INFO - 开始同步每日行情数据: trade_date=None, start_date=20221101, end_date=20251031
2025-10-31 17:34:14,184 - app.services.tushare_daily_service - INFO - 每日行情数据同步完成: 总计7840条记录
2025-10-31 17:34:15,187 - app.services.tushare_daily_service - INFO - 开始同步每日行情数据: trade_date=None, start_date=20221101, end_date=20251031
2025-10-31 17:34:16,686 - app.services.tushare_daily_service - INFO - 每日行情数据同步完成: 总计7840条记录
2025-10-31 17:34:17,693 - app.services.tushare_daily_service - INFO - 开始同步每日行情数据: trade_date=None, start_date=20221101, end_date=20251031
2025-10-31 17:34:19,215 - app.services.tushare_daily_service - INFO - 每日行情数据同步完成: 总计7840条记录
2025-10-31 17:34:20,227 - app.services.tushare_daily_service - INFO - 开始同步每日行情数据: trade_date=None, start_date=20221101, end_date=20251031
2025-10-31 17:34:22,004 - app.services.tushare_daily_service - INFO - 每日行情数据同步完成: 总计7840条记录
2025-10-31 17:34:23,013 - app.services.tushare_daily_service - INFO - 开始同步每日行情数据: trade_date=None, start_date=20221101, end_date=20251031
2025-10-31 17:34:24,508 - app.services.tushare_daily_service - INFO - 每日行情数据同步完成: 总计7840条记录
2025-10-31 17:34:25,523 - app.services.tushare_daily_service - INFO - 开始同步每日行情数据: trade_date=None, start_date=20221101, end_date=20251031
2025-10-31 17:34:27,072 - app.services.tushare_daily_service - INFO - 每日行情数据同步完成: 总计7840条记录
2025-10-31 17:34:28,087 - app.services.tushare_daily_service - INFO - 开始同步每日行情数据: trade_date=None, start_date=20221101, end_date=20251031
2025-10-31 17:34:29,595 - app.services.tushare_daily_service - INFO - 每日行情数据同步完成: 总计7840条记录
2025-10-31 17:34:30,606 - app.services.tushare_daily_service - INFO - 开始同步每日行情数据: trade_date=None, start_date=20221101, end_date=20251031
2025-10-31 17:34:32,121 - app.services.tushare_daily_service - INFO - 每日行情数据同步完成: 总计7840条记录
2025-10-31 17:34:33,131 - app.services.tushare_daily_service - INFO - 开始同步每日行情数据: trade_date=None, start_date=20221101, end_date=20251031
2025-10-31 17:34:34,658 - app.services.tushare_daily_service - INFO - 每日行情数据同步完成: 总计7840条记录
2025-10-31 17:34:35,663 - app.services.tushare_daily_service - INFO - 开始同步每日行情数据: trade_date=None, start_date=20221101, end_date=20251031
2025-10-31 17:34:37,214 - app.services.tushare_daily_service - INFO - 每日行情数据同步完成: 总计7840条记录
2025-10-31 17:34:38,217 - app.services.tushare_daily_service - INFO - 开始同步每日行情数据: trade_date=None, start_date=20221101, end_date=20251031
2025-10-31 17:34:39,771 - app.services.tushare_daily_service - INFO - 每日行情数据同步完成: 总计7840条记录
2025-10-31 17:34:40,774 - app.services.tushare_daily_service - INFO - 开始同步每日行情数据: trade_date=None, start_date=20221101, end_date=20251031
2025-10-31 17:34:42,350 - app.services.tushare_daily_service - INFO - 每日行情数据同步完成: 总计7840条记录
2025-10-31 17:34:43,357 - app.services.tushare_daily_service - INFO - 开始同步每日行情数据: trade_date=None, start_date=20221101, end_date=20251031
2025-10-31 17:34:44,970 - app.services.tushare_daily_service - INFO - 每日行情数据同步完成: 总计7840条记录
2025-10-31 17:34:45,972 - app.services.tushare_daily_service - INFO - 开始同步每日行情数据: trade_date=None, start_date=20221101, end_date=20251031
2025-10-31 17:34:47,594 - app.services.tushare_daily_service - INFO - 每日行情数据同步完成: 总计7840条记录
2025-10-31 17:34:48,598 - app.services.tushare_daily_service - INFO - 开始同步每日行情数据: trade_date=None, start_date=20221101, end_date=20251031
2025-10-31 17:34:50,130 - app.services.tushare_daily_service - INFO - 每日行情数据同步完成: 总计7840条记录
2025-10-31 17:34:51,138 - app.services.tushare_daily_service - INFO - 开始同步每日行情数据: trade_date=None, start_date=20221101, end_date=20251031
2025-10-31 17:34:52,679 - app.services.tushare_daily_service - INFO - 每日行情数据同步完成: 总计7840条记录
2025-10-31 17:34:53,688 - app.services.tushare_daily_service - INFO - 开始同步每日行情数据: trade_date=None, start_date=20221101, end_date=20251031
2025-10-31 17:34:55,410 - app.services.tushare_daily_service - INFO - 每日行情数据同步完成: 总计7840条记录
2025-10-31 17:34:56,412 - app.services.tushare_daily_service - INFO - 开始同步每日行情数据: trade_date=None, start_date=20221101, end_date=20251031
2025-10-31 17:34:57,972 - app.services.tushare_daily_service - INFO - 每日行情数据同步完成: 总计7840条记录
2025-10-31 17:34:58,988 - app.services.tushare_daily_service - INFO - 开始同步每日行情数据: trade_date=None, start_date=20221101, end_date=20251031
2025-10-31 17:35:00,528 - app.services.tushare_daily_service - INFO - 每日行情数据同步完成: 总计7840条记录
2025-10-31 17:35:01,533 - app.services.tushare_daily_service - INFO - 开始同步每日行情数据: trade_date=None, start_date=20221101, end_date=20251031
2025-10-31 17:35:03,107 - app.services.tushare_daily_service - INFO - 每日行情数据同步完成: 总计7840条记录
2025-10-31 17:35:04,114 - app.services.tushare_daily_service - INFO - 开始同步每日行情数据: trade_date=None, start_date=20221101, end_date=20251031
2025-10-31 17:35:05,678 - app.services.tushare_daily_service - INFO - 每日行情数据同步完成: 总计7840条记录
2025-10-31 17:35:06,689 - app.services.tushare_daily_service - INFO - 开始同步每日行情数据: trade_date=None, start_date=20221101, end_date=20251031
2025-10-31 17:35:08,232 - app.services.tushare_daily_service - INFO - 每日行情数据同步完成: 总计7840条记录
2025-10-31 17:35:09,242 - app.services.tushare_daily_service - INFO - 开始同步每日行情数据: trade_date=None, start_date=20221101, end_date=20251031
2025-10-31 17:35:10,817 - app.services.tushare_daily_service - INFO - 每日行情数据同步完成: 总计7840条记录
2025-10-31 17:35:11,828 - app.services.tushare_daily_service - INFO - 开始同步每日行情数据: trade_date=None, start_date=20221101, end_date=20251031
2025-10-31 17:35:13,385 - app.services.tushare_daily_service - INFO - 每日行情数据同步完成: 总计7840条记录
2025-10-31 17:35:14,395 - app.services.tushare_daily_service - INFO - 开始同步每日行情数据: trade_date=None, start_date=20221101, end_date=20251031
2025-10-31 17:35:15,951 - app.services.tushare_daily_service - INFO - 每日行情数据同步完成: 总计7840条记录
2025-10-31 17:35:16,964 - app.services.tushare_daily_service - INFO - 开始同步每日行情数据: trade_date=None, start_date=20221101, end_date=20251031
2025-10-31 17:35:18,554 - app.services.tushare_daily_service - INFO - 每日行情数据同步完成: 总计7840条记录
2025-10-31 17:35:19,567 - app.services.tushare_daily_service - INFO - 开始同步每日行情数据: trade_date=None, start_date=20221101, end_date=20251031
2025-10-31 17:35:21,054 - app.services.tushare_daily_service - INFO - 每日行情数据同步完成: 总计7840条记录
2025-10-31 17:35:22,056 - app.services.tushare_daily_service - INFO - 开始同步每日行情数据: trade_date=None, start_date=20221101, end_date=20251031
2025-10-31 17:35:23,563 - app.services.tushare_daily_service - INFO - 每日行情数据同步完成: 总计7840条记录
2025-10-31 17:35:24,577 - app.services.tushare_daily_service - INFO - 开始同步每日行情数据: trade_date=None, start_date=20221101, end_date=20251031
2025-10-31 17:35:26,082 - app.services.tushare_daily_service - INFO - 每日行情数据同步完成: 总计7840条记录
2025-10-31 17:35:27,093 - app.services.tushare_daily_service - INFO - 开始同步每日行情数据: trade_date=None, start_date=20221101, end_date=20251031
2025-10-31 17:35:28,676 - app.services.tushare_daily_service - INFO - 每日行情数据同步完成: 总计7840条记录
2025-10-31 17:35:29,691 - app.services.tushare_daily_service - INFO - 开始同步每日行情数据: trade_date=None, start_date=20221101, end_date=20251031
2025-10-31 17:35:31,177 - app.services.tushare_daily_service - INFO - 每日行情数据同步完成: 总计7840条记录
2025-10-31 17:35:32,192 - app.services.tushare_daily_service - INFO - 开始同步每日行情数据: trade_date=None, start_date=20221101, end_date=20251031
2025-10-31 17:35:33,763 - app.services.tushare_daily_service - INFO - 每日行情数据同步完成: 总计7840条记录
2025-10-31 17:35:34,769 - app.services.tushare_daily_service - INFO - 开始同步每日行情数据: trade_date=None, start_date=20221101, end_date=20251031
2025-10-31 17:35:36,247 - app.services.tushare_daily_service - INFO - 每日行情数据同步完成: 总计7840条记录
2025-10-31 17:35:37,254 - app.services.tushare_daily_service - INFO - 开始同步每日行情数据: trade_date=None, start_date=20221101, end_date=20251031
2025-10-31 17:35:38,843 - app.services.tushare_daily_service - INFO - 每日行情数据同步完成: 总计7840条记录
2025-10-31 17:35:39,846 - app.services.tushare_daily_service - INFO - 开始同步每日行情数据: trade_date=None, start_date=20221101, end_date=20251031
2025-10-31 17:35:41,330 - app.services.tushare_daily_service - INFO - 每日行情数据同步完成: 总计7840条记录
2025-10-31 17:35:42,335 - app.services.tushare_daily_service - INFO - 开始同步每日行情数据: trade_date=None, start_date=20221101, end_date=20251031
2025-10-31 17:35:43,894 - app.services.tushare_daily_service - INFO - 每日行情数据同步完成: 总计7840条记录
2025-10-31 17:35:44,905 - app.services.tushare_daily_service - INFO - 开始同步每日行情数据: trade_date=None, start_date=20221101, end_date=20251031
2025-10-31 17:35:46,502 - app.services.tushare_daily_service - INFO - 每日行情数据同步完成: 总计7840条记录
2025-10-31 17:35:47,517 - app.services.tushare_daily_service - INFO - 开始同步每日行情数据: trade_date=None, start_date=20221101, end_date=20251031
2025-10-31 17:35:49,193 - app.services.tushare_daily_service - INFO - 每日行情数据同步完成: 总计7840条记录
2025-10-31 17:35:50,204 - app.services.tushare_daily_service - INFO - 开始同步每日行情数据: trade_date=None, start_date=20221101, end_date=20251031
2025-10-31 17:35:51,684 - app.services.tushare_daily_service - INFO - 每日行情数据同步完成: 总计7840条记录
2025-10-31 17:35:52,695 - app.services.tushare_daily_service - INFO - 开始同步每日行情数据: trade_date=None, start_date=20221101, end_date=20251031
2025-10-31 17:35:54,195 - app.services.tushare_daily_service - INFO - 每日行情数据同步完成: 总计7840条记录
2025-10-31 17:35:55,203 - app.services.tushare_daily_service - INFO - 开始同步每日行情数据: trade_date=None, start_date=20221101, end_date=20251031
2025-10-31 17:35:56,638 - app.services.tushare_daily_service - INFO - 每日行情数据同步完成: 总计7840条记录
2025-10-31 17:35:57,651 - app.services.tushare_daily_service - INFO - 开始同步每日行情数据: trade_date=None, start_date=20221101, end_date=20251031
2025-10-31 17:35:59,160 - app.services.tushare_daily_service - INFO - 每日行情数据同步完成: 总计7840条记录
2025-10-31 17:36:00,169 - app.services.tushare_daily_service - INFO - 开始同步每日行情数据: trade_date=None, start_date=20221101, end_date=20251031
2025-10-31 17:36:01,720 - app.services.tushare_daily_service - INFO - 每日行情数据同步完成: 总计7840条记录
2025-10-31 17:36:02,724 - app.services.tushare_daily_service - INFO - 开始同步每日行情数据: trade_date=None, start_date=20221101, end_date=20251031
2025-10-31 17:36:04,290 - app.services.tushare_daily_service - INFO - 每日行情数据同步完成: 总计7840条记录
2025-10-31 17:36:05,302 - app.services.tushare_daily_service - INFO - 开始同步每日行情数据: trade_date=None, start_date=20221101, end_date=20251031
2025-10-31 17:36:06,747 - app.services.tushare_daily_service - INFO - 每日行情数据同步完成: 总计7840条记录
2025-10-31 17:36:07,750 - app.services.tushare_daily_service - INFO - 开始同步每日行情数据: trade_date=None, start_date=20221101, end_date=20251031
2025-10-31 17:36:09,323 - app.services.tushare_daily_service - INFO - 每日行情数据同步完成: 总计7840条记录
2025-10-31 17:36:10,327 - app.services.tushare_daily_service - INFO - 开始同步每日行情数据: trade_date=None, start_date=20221101, end_date=20251031
2025-10-31 17:36:11,835 - app.services.tushare_daily_service - INFO - 每日行情数据同步完成: 总计7840条记录
2025-10-31 17:36:12,849 - app.services.tushare_daily_service - INFO - 开始同步每日行情数据: trade_date=None, start_date=20221101, end_date=20251031
2025-10-31 17:36:14,587 - app.services.tushare_daily_service - INFO - 每日行情数据同步完成: 总计7840条记录
2025-10-31 17:36:15,595 - app.services.tushare_daily_service - INFO - 开始同步每日行情数据: trade_date=None, start_date=20221101, end_date=20251031
2025-10-31 17:36:17,098 - app.services.tushare_daily_service - INFO - 每日行情数据同步完成: 总计7840条记录
2025-10-31 17:36:18,100 - app.services.tushare_daily_service - INFO - 开始同步每日行情数据: trade_date=None, start_date=20221101, end_date=20251031
2025-10-31 17:36:19,631 - app.services.tushare_daily_service - INFO - 每日行情数据同步完成: 总计7840条记录
2025-10-31 17:36:20,634 - app.services.tushare_daily_service - INFO - 开始同步每日行情数据: trade_date=None, start_date=20221101, end_date=20251031
2025-10-31 17:36:22,152 - app.services.tushare_daily_service - INFO - 每日行情数据同步完成: 总计7840条记录
2025-10-31 17:36:23,159 - app.services.tushare_daily_service - INFO - 开始同步每日行情数据: trade_date=None, start_date=20221101, end_date=20251031
2025-10-31 17:36:24,693 - app.services.tushare_daily_service - INFO - 每日行情数据同步完成: 总计7840条记录
2025-10-31 17:36:25,706 - app.services.tushare_daily_service - INFO - 开始同步每日行情数据: trade_date=None, start_date=20221101, end_date=20251031
2025-10-31 17:36:27,190 - app.services.tushare_daily_service - INFO - 每日行情数据同步完成: 总计7840条记录
2025-10-31 17:36:28,199 - app.services.tushare_daily_service - INFO - 开始同步每日行情数据: trade_date=None, start_date=20221101, end_date=20251031
2025-10-31 17:36:29,684 - app.services.tushare_daily_service - INFO - 每日行情数据同步完成: 总计7840条记录
2025-10-31 17:36:30,691 - app.services.tushare_daily_service - INFO - 开始同步每日行情数据: trade_date=None, start_date=20221101, end_date=20251031
2025-10-31 17:36:32,173 - app.services.tushare_daily_service - INFO - 每日行情数据同步完成: 总计7840条记录
2025-10-31 17:36:33,181 - app.services.tushare_daily_service - INFO - 开始同步每日行情数据: trade_date=None, start_date=20221101, end_date=20251031
2025-10-31 17:36:34,642 - app.services.tushare_daily_service - INFO - 每日行情数据同步完成: 总计7840条记录
2025-10-31 17:36:35,657 - app.services.tushare_daily_service - INFO - 开始同步每日行情数据: trade_date=None, start_date=20221101, end_date=20251031
2025-10-31 17:36:37,180 - app.services.tushare_daily_service - INFO - 每日行情数据同步完成: 总计7840条记录
2025-10-31 17:36:38,189 - app.services.tushare_daily_service - INFO - 开始同步每日行情数据: trade_date=None, start_date=20221101, end_date=20251031
2025-10-31 17:36:39,834 - app.services.tushare_daily_service - INFO - 每日行情数据同步完成: 总计7840条记录
2025-10-31 17:36:40,848 - app.services.tushare_daily_service - INFO - 开始同步每日行情数据: trade_date=None, start_date=20221101, end_date=20251031
2025-10-31 17:36:42,327 - app.services.tushare_daily_service - INFO - 每日行情数据同步完成: 总计7840条记录
2025-10-31 17:36:43,338 - app.services.tushare_daily_service - INFO - 开始同步每日行情数据: trade_date=None, start_date=20221101, end_date=20251031
2025-10-31 17:36:44,944 - app.services.tushare_daily_service - INFO - 每日行情数据同步完成: 总计7840条记录
2025-10-31 17:36:45,951 - app.services.tushare_daily_service - INFO - 开始同步每日行情数据: trade_date=None, start_date=20221101, end_date=20251031
2025-10-31 17:36:47,532 - app.services.tushare_daily_service - INFO - 每日行情数据同步完成: 总计7840条记录
2025-10-31 17:36:48,536 - app.services.tushare_daily_service - INFO - 开始同步每日行情数据: trade_date=None, start_date=20221101, end_date=20251031
2025-10-31 17:36:50,133 - app.services.tushare_daily_service - INFO - 每日行情数据同步完成: 总计7840条记录
2025-10-31 17:36:51,148 - app.services.tushare_daily_service - INFO - 开始同步每日行情数据: trade_date=None, start_date=20221101, end_date=20251031
2025-10-31 17:36:52,755 - app.services.tushare_daily_service - INFO - 每日行情数据同步完成: 总计7840条记录
2025-10-31 17:36:53,766 - app.services.tushare_daily_service - INFO - 开始同步每日行情数据: trade_date=None, start_date=20221101, end_date=20251031
2025-10-31 17:36:55,259 - app.services.tushare_daily_service - INFO - 每日行情数据同步完成: 总计7840条记录
2025-10-31 17:36:56,271 - app.services.tushare_daily_service - INFO - 开始同步每日行情数据: trade_date=None, start_date=20221101, end_date=20251031
2025-10-31 17:36:57,788 - app.services.tushare_daily_service - INFO - 每日行情数据同步完成: 总计7840条记录
2025-10-31 17:36:58,790 - app.services.tushare_daily_service - INFO - 开始同步每日行情数据: trade_date=None, start_date=20221101, end_date=20251031
2025-10-31 17:37:00,361 - app.services.tushare_daily_service - INFO - 每日行情数据同步完成: 总计7840条记录
2025-10-31 17:37:01,363 - app.services.tushare_daily_service - INFO - 开始同步每日行情数据: trade_date=None, start_date=20221101, end_date=20251031
2025-10-31 17:37:02,904 - app.services.tushare_daily_service - INFO - 每日行情数据同步完成: 总计7840条记录
2025-10-31 17:37:03,915 - app.services.tushare_daily_service - INFO - 开始同步每日行情数据: trade_date=None, start_date=20221101, end_date=20251031
2025-10-31 17:37:05,436 - app.services.tushare_daily_service - INFO - 每日行情数据同步完成: 总计7840条记录
2025-10-31 17:37:06,448 - app.services.tushare_daily_service - INFO - 开始同步每日行情数据: trade_date=None, start_date=20221101, end_date=20251031
2025-10-31 17:37:07,974 - app.services.tushare_daily_service - INFO - 每日行情数据同步完成: 总计7840条记录
2025-10-31 17:37:08,985 - app.services.tushare_daily_service - INFO - 开始同步每日行情数据: trade_date=None, start_date=20221101, end_date=20251031
2025-10-31 17:37:10,667 - app.services.tushare_daily_service - INFO - 每日行情数据同步完成: 总计7840条记录
2025-10-31 17:37:11,685 - app.services.tushare_daily_service - INFO - 开始同步每日行情数据: trade_date=None, start_date=20221101, end_date=20251031
2025-10-31 17:37:13,198 - app.services.tushare_daily_service - INFO - 每日行情数据同步完成: 总计7840条记录
2025-10-31 17:37:14,211 - app.services.tushare_daily_service - INFO - 开始同步每日行情数据: trade_date=None, start_date=20221101, end_date=20251031
2025-10-31 17:37:15,743 - app.services.tushare_daily_service - INFO - 每日行情数据同步完成: 总计7840条记录
2025-10-31 17:37:16,754 - app.services.tushare_daily_service - INFO - 开始同步每日行情数据: trade_date=None, start_date=20221101, end_date=20251031
2025-10-31 17:37:18,255 - app.services.tushare_daily_service - INFO - 每日行情数据同步完成: 总计7840条记录
2025-10-31 17:37:19,261 - app.services.tushare_daily_service - INFO - 开始同步每日行情数据: trade_date=None, start_date=20221101, end_date=20251031
2025-10-31 17:37:20,773 - app.services.tushare_daily_service - INFO - 每日行情数据同步完成: 总计7840条记录
2025-10-31 17:37:21,787 - app.services.tushare_daily_service - INFO - 开始同步每日行情数据: trade_date=None, start_date=20221101, end_date=20251031
2025-10-31 17:37:23,305 - app.services.tushare_daily_service - INFO - 每日行情数据同步完成: 总计7840条记录
2025-10-31 17:37:24,311 - app.services.tushare_daily_service - INFO - 开始同步每日行情数据: trade_date=None, start_date=20221101, end_date=20251031
2025-10-31 17:37:25,827 - app.services.tushare_daily_service - INFO - 每日行情数据同步完成: 总计7840条记录
2025-10-31 17:37:26,829 - app.services.tushare_daily_service - INFO - 开始同步每日行情数据: trade_date=None, start_date=20221101, end_date=20251031
2025-10-31 17:37:28,335 - app.services.tushare_daily_service - INFO - 每日行情数据同步完成: 总计7840条记录
2025-10-31 17:37:29,351 - app.services.tushare_daily_service - INFO - 开始同步每日行情数据: trade_date=None, start_date=20221101, end_date=20251031
2025-10-31 17:37:30,907 - app.services.tushare_daily_service - INFO - 每日行情数据同步完成: 总计7840条记录
2025-10-31 17:37:31,920 - app.services.tushare_daily_service - INFO - 开始同步每日行情数据: trade_date=None, start_date=20221101, end_date=20251031
2025-10-31 17:37:33,439 - app.services.tushare_daily_service - INFO - 每日行情数据同步完成: 总计7840条记录
2025-10-31 17:37:34,455 - app.services.tushare_daily_service - INFO - 开始同步每日行情数据: trade_date=None, start_date=20221101, end_date=20251031
2025-10-31 17:37:35,950 - app.services.tushare_daily_service - INFO - 每日行情数据同步完成: 总计7840条记录
2025-10-31 17:37:36,958 - app.services.tushare_daily_service - INFO - 开始同步每日行情数据: trade_date=None, start_date=20221101, end_date=20251031
2025-10-31 17:37:38,514 - app.services.tushare_daily_service - INFO - 每日行情数据同步完成: 总计7840条记录
2025-10-31 17:37:39,529 - app.services.tushare_daily_service - INFO - 开始同步每日行情数据: trade_date=None, start_date=20221101, end_date=20251031
2025-10-31 17:37:41,093 - app.services.tushare_daily_service - INFO - 每日行情数据同步完成: 总计7840条记录
2025-10-31 17:37:42,099 - app.services.tushare_daily_service - INFO - 开始同步每日行情数据: trade_date=None, start_date=20221101, end_date=20251031
2025-10-31 17:37:43,639 - app.services.tushare_daily_service - INFO - 每日行情数据同步完成: 总计7840条记录
2025-10-31 17:37:44,642 - app.services.tushare_daily_service - INFO - 开始同步每日行情数据: trade_date=None, start_date=20221101, end_date=20251031
2025-10-31 17:37:46,159 - app.services.tushare_daily_service - INFO - 每日行情数据同步完成: 总计7840条记录
2025-10-31 17:37:47,162 - app.services.tushare_daily_service - INFO - 开始同步每日行情数据: trade_date=None, start_date=20221101, end_date=20251031
2025-10-31 17:37:48,835 - app.services.tushare_daily_service - INFO - 每日行情数据同步完成: 总计7840条记录
2025-10-31 17:37:49,839 - app.services.tushare_daily_service - INFO - 开始同步每日行情数据: trade_date=None, start_date=20221101, end_date=20251031
2025-10-31 17:37:51,403 - app.services.tushare_daily_service - INFO - 每日行情数据同步完成: 总计7840条记录
2025-10-31 17:37:52,414 - app.services.tushare_daily_service - INFO - 开始同步每日行情数据: trade_date=None, start_date=20221101, end_date=20251031
2025-10-31 17:37:53,945 - app.services.tushare_daily_service - INFO - 每日行情数据同步完成: 总计7840条记录
2025-10-31 17:37:54,947 - app.services.tushare_daily_service - INFO - 开始同步每日行情数据: trade_date=None, start_date=20221101, end_date=20251031
2025-10-31 17:37:56,455 - app.services.tushare_daily_service - INFO - 每日行情数据同步完成: 总计7840条记录
2025-10-31 17:37:57,469 - app.services.tushare_daily_service - INFO - 开始同步每日行情数据: trade_date=None, start_date=20221101, end_date=20251031
2025-10-31 17:37:59,003 - app.services.tushare_daily_service - INFO - 每日行情数据同步完成: 总计7840条记录
2025-10-31 17:38:00,008 - app.services.tushare_daily_service - INFO - 开始同步每日行情数据: trade_date=None, start_date=20221101, end_date=20251031
2025-10-31 17:38:01,508 - app.services.tushare_daily_service - INFO - 每日行情数据同步完成: 总计7840条记录
2025-10-31 17:38:02,517 - app.services.tushare_daily_service - INFO - 开始同步每日行情数据: trade_date=None, start_date=20221101, end_date=20251031
2025-10-31 17:38:04,001 - app.services.tushare_daily_service - INFO - 每日行情数据同步完成: 总计7840条记录
2025-10-31 17:38:05,003 - app.services.tushare_daily_service - INFO - 开始同步每日行情数据: trade_date=None, start_date=20221101, end_date=20251031
2025-10-31 17:38:06,518 - app.services.tushare_daily_service - INFO - 每日行情数据同步完成: 总计7840条记录
2025-10-31 17:38:07,523 - app.services.tushare_daily_service - INFO - 开始同步每日行情数据: trade_date=None, start_date=20221101, end_date=20251031
2025-10-31 17:38:09,104 - app.services.tushare_daily_service - INFO - 每日行情数据同步完成: 总计7840条记录
2025-10-31 17:38:10,106 - app.services.tushare_daily_service - INFO - 开始同步每日行情数据: trade_date=None, start_date=20221101, end_date=20251031
2025-10-31 17:38:11,634 - app.services.tushare_daily_service - INFO - 每日行情数据同步完成: 总计7840条记录
2025-10-31 17:38:12,641 - app.services.tushare_daily_service - INFO - 开始同步每日行情数据: trade_date=None, start_date=20221101, end_date=20251031
2025-10-31 17:38:14,227 - app.services.tushare_daily_service - INFO - 每日行情数据同步完成: 总计7840条记录
2025-10-31 17:38:15,240 - app.services.tushare_daily_service - INFO - 开始同步每日行情数据: trade_date=None, start_date=20221101, end_date=20251031
2025-10-31 17:38:16,757 - app.services.tushare_daily_service - INFO - 每日行情数据同步完成: 总计7840条记录
2025-10-31 17:38:17,759 - app.services.tushare_daily_service - INFO - 开始同步每日行情数据: trade_date=None, start_date=20221101, end_date=20251031
2025-10-31 17:38:19,339 - app.services.tushare_daily_service - INFO - 每日行情数据同步完成: 总计7840条记录
2025-10-31 17:38:20,341 - app.services.tushare_daily_service - INFO - 开始同步每日行情数据: trade_date=None, start_date=20221101, end_date=20251031
2025-10-31 17:38:21,876 - app.services.tushare_daily_service - INFO - 每日行情数据同步完成: 总计7840条记录
2025-10-31 17:38:22,886 - app.services.tushare_daily_service - INFO - 开始同步每日行情数据: trade_date=None, start_date=20221101, end_date=20251031
2025-10-31 17:38:24,380 - app.services.tushare_daily_service - INFO - 每日行情数据同步完成: 总计7840条记录
2025-10-31 17:38:25,385 - app.services.tushare_daily_service - INFO - 开始同步每日行情数据: trade_date=None, start_date=20221101, end_date=20251031
2025-10-31 17:38:26,950 - app.services.tushare_daily_service - INFO - 每日行情数据同步完成: 总计7840条记录
2025-10-31 17:38:27,956 - app.services.tushare_daily_service - INFO - 开始同步每日行情数据: trade_date=None, start_date=20221101, end_date=20251031
2025-10-31 17:38:29,464 - app.services.tushare_daily_service - INFO - 每日行情数据同步完成: 总计7840条记录
2025-10-31 17:38:30,477 - app.services.tushare_daily_service - INFO - 开始同步每日行情数据: trade_date=None, start_date=20221101, end_date=20251031
2025-10-31 17:38:32,107 - app.services.tushare_daily_service - INFO - 每日行情数据同步完成: 总计7840条记录
2025-10-31 17:38:33,119 - app.services.tushare_daily_service - INFO - 开始同步每日行情数据: trade_date=None, start_date=20221101, end_date=20251031
2025-10-31 17:38:34,688 - app.services.tushare_daily_service - INFO - 每日行情数据同步完成: 总计7840条记录
2025-10-31 17:38:35,699 - app.services.tushare_daily_service - INFO - 开始同步每日行情数据: trade_date=None, start_date=20221101, end_date=20251031
2025-10-31 17:38:37,236 - app.services.tushare_daily_service - INFO - 每日行情数据同步完成: 总计7840条记录
2025-10-31 17:38:38,240 - app.services.tushare_daily_service - INFO - 开始同步每日行情数据: trade_date=None, start_date=20221101, end_date=20251031
2025-10-31 17:38:39,779 - app.services.tushare_daily_service - INFO - 每日行情数据同步完成: 总计7840条记录
2025-10-31 17:38:40,786 - app.services.tushare_daily_service - INFO - 开始同步每日行情数据: trade_date=None, start_date=20221101, end_date=20251031
2025-10-31 17:38:42,328 - app.services.tushare_daily_service - INFO - 每日行情数据同步完成: 总计7840条记录
2025-10-31 17:38:43,337 - app.services.tushare_daily_service - INFO - 开始同步每日行情数据: trade_date=None, start_date=20221101, end_date=20251031
2025-10-31 17:38:44,871 - app.services.tushare_daily_service - INFO - 每日行情数据同步完成: 总计7840条记录
2025-10-31 17:38:45,873 - app.services.tushare_daily_service - INFO - 开始同步每日行情数据: trade_date=None, start_date=20221101, end_date=20251031
2025-10-31 17:38:47,424 - app.services.tushare_daily_service - INFO - 每日行情数据同步完成: 总计7840条记录
2025-10-31 17:38:48,429 - app.services.tushare_daily_service - INFO - 开始同步每日行情数据: trade_date=None, start_date=20221101, end_date=20251031
2025-10-31 17:38:49,971 - app.services.tushare_daily_service - INFO - 每日行情数据同步完成: 总计7840条记录
2025-10-31 17:38:50,982 - app.services.tushare_daily_service - INFO - 开始同步每日行情数据: trade_date=None, start_date=20221101, end_date=20251031
2025-10-31 17:38:52,682 - app.services.tushare_daily_service - INFO - 每日行情数据同步完成: 总计7840条记录
2025-10-31 17:38:53,694 - app.services.tushare_daily_service - INFO - 开始同步每日行情数据: trade_date=None, start_date=20221101, end_date=20251031
2025-10-31 17:38:55,198 - app.services.tushare_daily_service - INFO - 每日行情数据同步完成: 总计7840条记录
2025-10-31 17:38:56,212 - app.services.tushare_daily_service - INFO - 开始同步每日行情数据: trade_date=None, start_date=20221101, end_date=20251031
2025-10-31 17:38:57,749 - app.services.tushare_daily_service - INFO - 每日行情数据同步完成: 总计7840条记录
2025-10-31 17:38:58,764 - app.services.tushare_daily_service - INFO - 开始同步每日行情数据: trade_date=None, start_date=20221101, end_date=20251031
2025-10-31 17:39:00,396 - app.services.tushare_daily_service - INFO - 每日行情数据同步完成: 总计7840条记录
2025-10-31 17:39:01,403 - app.services.tushare_daily_service - INFO - 开始同步每日行情数据: trade_date=None, start_date=20221101, end_date=20251031
2025-10-31 17:39:03,016 - app.services.tushare_daily_service - INFO - 每日行情数据同步完成: 总计7840条记录
2025-10-31 17:39:04,021 - app.services.tushare_daily_service - INFO - 开始同步每日行情数据: trade_date=None, start_date=20221101, end_date=20251031
2025-10-31 17:39:05,567 - app.services.tushare_daily_service - INFO - 每日行情数据同步完成: 总计7840条记录
2025-10-31 17:39:06,580 - app.services.tushare_daily_service - INFO - 开始同步每日行情数据: trade_date=None, start_date=20221101, end_date=20251031
2025-10-31 17:39:08,149 - app.services.tushare_daily_service - INFO - 每日行情数据同步完成: 总计7840条记录
2025-10-31 17:39:09,156 - app.services.tushare_daily_service - INFO - 开始同步每日行情数据: trade_date=None, start_date=20221101, end_date=20251031
2025-10-31 17:39:10,705 - app.services.tushare_daily_service - INFO - 每日行情数据同步完成: 总计7840条记录
2025-10-31 17:39:11,709 - app.services.tushare_daily_service - INFO - 开始同步每日行情数据: trade_date=None, start_date=20221101, end_date=20251031
2025-10-31 17:39:13,231 - app.services.tushare_daily_service - INFO - 每日行情数据同步完成: 总计7840条记录
2025-10-31 17:39:14,244 - app.services.tushare_daily_service - INFO - 开始同步每日行情数据: trade_date=None, start_date=20221101, end_date=20251031
2025-10-31 17:39:16,001 - app.services.tushare_daily_service - INFO - 每日行情数据同步完成: 总计7840条记录
2025-10-31 17:39:17,005 - app.services.tushare_daily_service - INFO - 开始同步每日行情数据: trade_date=None, start_date=20221101, end_date=20251031
2025-10-31 17:39:18,804 - app.services.tushare_daily_service - INFO - 每日行情数据同步完成: 总计7840条记录
2025-10-31 17:39:19,818 - app.services.tushare_daily_service - INFO - 开始同步每日行情数据: trade_date=None, start_date=20221101, end_date=20251031
2025-10-31 17:39:21,323 - app.services.tushare_daily_service - INFO - 每日行情数据同步完成: 总计7840条记录
2025-10-31 17:39:22,332 - app.services.tushare_daily_service - INFO - 开始同步每日行情数据: trade_date=None, start_date=20221101, end_date=20251031
2025-10-31 17:39:23,928 - app.services.tushare_daily_service - INFO - 每日行情数据同步完成: 总计7840条记录
2025-10-31 17:39:24,933 - app.services.tushare_daily_service - INFO - 开始同步每日行情数据: trade_date=None, start_date=20221101, end_date=20251031
2025-10-31 17:39:26,572 - app.services.tushare_daily_service - INFO - 每日行情数据同步完成: 总计7840条记录
2025-10-31 17:39:27,576 - app.services.tushare_daily_service - INFO - 开始同步每日行情数据: trade_date=None, start_date=20221101, end_date=20251031
2025-10-31 17:39:29,094 - app.services.tushare_daily_service - INFO - 每日行情数据同步完成: 总计7840条记录
2025-10-31 17:39:30,097 - app.services.tushare_daily_service - INFO - 开始同步每日行情数据: trade_date=None, start_date=20221101, end_date=20251031
2025-10-31 17:39:31,694 - app.services.tushare_daily_service - INFO - 每日行情数据同步完成: 总计7840条记录
2025-10-31 17:39:32,702 - app.services.tushare_daily_service - INFO - 开始同步每日行情数据: trade_date=None, start_date=20221101, end_date=20251031
2025-10-31 17:39:34,395 - app.services.tushare_daily_service - INFO - 每日行情数据同步完成: 总计7840条记录
2025-10-31 17:39:35,411 - app.services.tushare_daily_service - INFO - 开始同步每日行情数据: trade_date=None, start_date=20221101, end_date=20251031
2025-10-31 17:39:37,127 - app.services.tushare_daily_service - INFO - 每日行情数据同步完成: 总计7840条记录
2025-10-31 17:39:38,130 - app.services.tushare_daily_service - INFO - 开始同步每日行情数据: trade_date=None, start_date=20221101, end_date=20251031
2025-10-31 17:39:40,015 - app.services.tushare_daily_service - INFO - 每日行情数据同步完成: 总计7840条记录
2025-10-31 17:39:41,027 - app.services.tushare_daily_service - INFO - 开始同步每日行情数据: trade_date=None, start_date=20221101, end_date=20251031
2025-10-31 17:39:42,855 - app.services.tushare_daily_service - INFO - 每日行情数据同步完成: 总计7840条记录
2025-10-31 17:39:43,866 - app.services.tushare_daily_service - INFO - 开始同步每日行情数据: trade_date=None, start_date=20221101, end_date=20251031
2025-10-31 17:39:45,392 - app.services.tushare_daily_service - INFO - 每日行情数据同步完成: 总计7840条记录
2025-10-31 17:39:46,401 - app.services.tushare_daily_service - INFO - 开始同步每日行情数据: trade_date=None, start_date=20221101, end_date=20251031
2025-10-31 17:39:47,913 - app.services.tushare_daily_service - INFO - 每日行情数据同步完成: 总计7840条记录
2025-10-31 17:39:48,923 - app.services.tushare_daily_service - INFO - 开始同步每日行情数据: trade_date=None, start_date=20221101, end_date=20251031
2025-10-31 17:39:50,541 - app.services.tushare_daily_service - INFO - 每日行情数据同步完成: 总计7840条记录
2025-10-31 17:39:51,550 - app.services.tushare_daily_service - INFO - 开始同步每日行情数据: trade_date=None, start_date=20221101, end_date=20251031
2025-10-31 17:39:53,127 - app.services.tushare_daily_service - INFO - 每日行情数据同步完成: 总计7840条记录
2025-10-31 17:39:54,135 - app.services.tushare_daily_service - INFO - 开始同步每日行情数据: trade_date=None, start_date=20221101, end_date=20251031
2025-10-31 17:39:55,712 - app.services.tushare_daily_service - INFO - 每日行情数据同步完成: 总计7840条记录
2025-10-31 17:39:56,719 - app.services.tushare_daily_service - INFO - 开始同步每日行情数据: trade_date=None, start_date=20221101, end_date=20251031
2025-10-31 17:39:58,331 - app.services.tushare_daily_service - INFO - 每日行情数据同步完成: 总计7840条记录
2025-10-31 17:39:59,347 - app.services.tushare_daily_service - INFO - 开始同步每日行情数据: trade_date=None, start_date=20221101, end_date=20251031
2025-10-31 17:40:00,908 - app.services.tushare_daily_service - INFO - 每日行情数据同步完成: 总计7840条记录
2025-10-31 17:40:01,923 - app.services.tushare_daily_service - INFO - 开始同步每日行情数据: trade_date=None, start_date=20221101, end_date=20251031
2025-10-31 17:40:03,424 - app.services.tushare_daily_service - INFO - 每日行情数据同步完成: 总计7840条记录
2025-10-31 17:40:04,439 - app.services.tushare_daily_service - INFO - 开始同步每日行情数据: trade_date=None, start_date=20221101, end_date=20251031
2025-10-31 17:40:06,140 - app.services.tushare_daily_service - INFO - 每日行情数据同步完成: 总计7840条记录
2025-10-31 17:40:07,149 - app.services.tushare_daily_service - INFO - 开始同步每日行情数据: trade_date=None, start_date=20221101, end_date=20251031
2025-10-31 17:40:08,702 - app.services.tushare_daily_service - INFO - 每日行情数据同步完成: 总计7840条记录
2025-10-31 17:40:09,717 - app.services.tushare_daily_service - INFO - 开始同步每日行情数据: trade_date=None, start_date=20221101, end_date=20251031
2025-10-31 17:40:11,254 - app.services.tushare_daily_service - INFO - 每日行情数据同步完成: 总计7840条记录
2025-10-31 17:40:12,265 - app.services.tushare_daily_service - INFO - 开始同步每日行情数据: trade_date=None, start_date=20221101, end_date=20251031
2025-10-31 17:40:13,798 - app.services.tushare_daily_service - INFO - 每日行情数据同步完成: 总计7840条记录
2025-10-31 17:40:14,800 - app.services.tushare_daily_service - INFO - 开始同步每日行情数据: trade_date=None, start_date=20221101, end_date=20251031
2025-10-31 17:40:16,392 - app.services.tushare_daily_service - INFO - 每日行情数据同步完成: 总计7840条记录
2025-10-31 17:40:17,394 - app.services.tushare_daily_service - INFO - 开始同步每日行情数据: trade_date=None, start_date=20221101, end_date=20251031
2025-10-31 17:40:19,064 - app.services.tushare_daily_service - INFO - 每日行情数据同步完成: 总计7840条记录
2025-10-31 17:40:20,068 - app.services.tushare_daily_service - INFO - 开始同步每日行情数据: trade_date=None, start_date=20221101, end_date=20251031
2025-10-31 17:40:21,621 - app.services.tushare_daily_service - INFO - 每日行情数据同步完成: 总计7840条记录
2025-10-31 17:40:22,629 - app.services.tushare_daily_service - INFO - 开始同步每日行情数据: trade_date=None, start_date=20221101, end_date=20251031
2025-10-31 17:40:24,109 - app.services.tushare_daily_service - INFO - 每日行情数据同步完成: 总计7840条记录
2025-10-31 17:40:25,116 - app.services.tushare_daily_service - INFO - 开始同步每日行情数据: trade_date=None, start_date=20221101, end_date=20251031
2025-10-31 17:40:26,612 - app.services.tushare_daily_service - INFO - 每日行情数据同步完成: 总计7840条记录
2025-10-31 17:40:27,623 - app.services.tushare_daily_service - INFO - 开始同步每日行情数据: trade_date=None, start_date=20221101, end_date=20251031
2025-10-31 17:40:29,101 - app.services.tushare_daily_service - INFO - 每日行情数据同步完成: 总计7840条记录
2025-10-31 17:40:30,114 - app.services.tushare_daily_service - INFO - 开始同步每日行情数据: trade_date=None, start_date=20221101, end_date=20251031
2025-10-31 17:40:31,619 - app.services.tushare_daily_service - INFO - 每日行情数据同步完成: 总计7840条记录
2025-10-31 17:40:32,632 - app.services.tushare_daily_service - INFO - 开始同步每日行情数据: trade_date=None, start_date=20221101, end_date=20251031
2025-10-31 17:40:34,144 - app.services.tushare_daily_service - INFO - 每日行情数据同步完成: 总计7840条记录
2025-10-31 17:40:35,151 - app.services.tushare_daily_service - INFO - 开始同步每日行情数据: trade_date=None, start_date=20221101, end_date=20251031
2025-10-31 17:40:36,704 - app.services.tushare_daily_service - INFO - 每日行情数据同步完成: 总计7840条记录
2025-10-31 17:40:37,717 - app.services.tushare_daily_service - INFO - 开始同步每日行情数据: trade_date=None, start_date=20221101, end_date=20251031
2025-10-31 17:40:39,254 - app.services.tushare_daily_service - INFO - 每日行情数据同步完成: 总计7840条记录
2025-10-31 17:40:40,270 - app.services.tushare_daily_service - INFO - 开始同步每日行情数据: trade_date=None, start_date=20221101, end_date=20251031
2025-10-31 17:40:41,790 - app.services.tushare_daily_service - INFO - 每日行情数据同步完成: 总计7840条记录
2025-10-31 17:40:42,792 - app.services.tushare_daily_service - INFO - 开始同步每日行情数据: trade_date=None, start_date=20221101, end_date=20251031
2025-10-31 17:40:44,335 - app.services.tushare_daily_service - INFO - 每日行情数据同步完成: 总计7840条记录
2025-10-31 17:40:45,343 - app.services.tushare_daily_service - INFO - 开始同步每日行情数据: trade_date=None, start_date=20221101, end_date=20251031
2025-10-31 17:40:46,820 - app.services.tushare_daily_service - INFO - 每日行情数据同步完成: 总计7840条记录
2025-10-31 17:40:47,829 - app.services.tushare_daily_service - INFO - 开始同步每日行情数据: trade_date=None, start_date=20221101, end_date=20251031
2025-10-31 17:40:49,402 - app.services.tushare_daily_service - INFO - 每日行情数据同步完成: 总计7840条记录
2025-10-31 17:40:50,415 - app.services.tushare_daily_service - INFO - 开始同步每日行情数据: trade_date=None, start_date=20221101, end_date=20251031
2025-10-31 17:40:51,918 - app.services.tushare_daily_service - INFO - 每日行情数据同步完成: 总计7840条记录
2025-10-31 17:40:52,921 - app.services.tushare_daily_service - INFO - 开始同步每日行情数据: trade_date=None, start_date=20221101, end_date=20251031
2025-10-31 17:40:54,423 - app.services.tushare_daily_service - INFO - 每日行情数据同步完成: 总计7840条记录
2025-10-31 17:40:55,427 - app.services.tushare_daily_service - INFO - 开始同步每日行情数据: trade_date=None, start_date=20221101, end_date=20251031
2025-10-31 17:40:56,954 - app.services.tushare_daily_service - INFO - 每日行情数据同步完成: 总计7840条记录
2025-10-31 17:40:57,964 - app.services.tushare_daily_service - INFO - 开始同步每日行情数据: trade_date=None, start_date=20221101, end_date=20251031
2025-10-31 17:40:59,499 - app.services.tushare_daily_service - INFO - 每日行情数据同步完成: 总计7840条记录
2025-10-31 17:41:00,508 - app.services.tushare_daily_service - INFO - 开始同步每日行情数据: trade_date=None, start_date=20221101, end_date=20251031
2025-10-31 17:41:02,054 - app.services.tushare_daily_service - INFO - 每日行情数据同步完成: 总计7840条记录
2025-10-31 17:41:03,065 - app.services.tushare_daily_service - INFO - 开始同步每日行情数据: trade_date=None, start_date=20221101, end_date=20251031
2025-10-31 17:41:04,583 - app.services.tushare_daily_service - INFO - 每日行情数据同步完成: 总计7840条记录
2025-10-31 17:41:05,585 - app.services.tushare_daily_service - INFO - 开始同步每日行情数据: trade_date=None, start_date=20221101, end_date=20251031
2025-10-31 17:41:07,134 - app.services.tushare_daily_service - INFO - 每日行情数据同步完成: 总计7840条记录
2025-10-31 17:41:08,139 - app.services.tushare_daily_service - INFO - 开始同步每日行情数据: trade_date=None, start_date=20221101, end_date=20251031
2025-10-31 17:41:09,753 - app.services.tushare_daily_service - INFO - 每日行情数据同步完成: 总计7840条记录
2025-10-31 17:41:10,767 - app.services.tushare_daily_service - INFO - 开始同步每日行情数据: trade_date=None, start_date=20221101, end_date=20251031
2025-10-31 17:41:12,309 - app.services.tushare_daily_service - INFO - 每日行情数据同步完成: 总计7840条记录
2025-10-31 17:41:13,322 - app.services.tushare_daily_service - INFO - 开始同步每日行情数据: trade_date=None, start_date=20221101, end_date=20251031
2025-10-31 17:41:14,840 - app.services.tushare_daily_service - INFO - 每日行情数据同步完成: 总计7840条记录
2025-10-31 17:41:15,857 - app.services.tushare_daily_service - INFO - 开始同步每日行情数据: trade_date=None, start_date=20221101, end_date=20251031
2025-10-31 17:41:17,400 - app.services.tushare_daily_service - INFO - 每日行情数据同步完成: 总计7840条记录
2025-10-31 17:41:18,411 - app.services.tushare_daily_service - INFO - 开始同步每日行情数据: trade_date=None, start_date=20221101, end_date=20251031
2025-10-31 17:41:19,972 - app.services.tushare_daily_service - INFO - 每日行情数据同步完成: 总计7840条记录
2025-10-31 17:41:20,975 - app.services.tushare_daily_service - INFO - 开始同步每日行情数据: trade_date=None, start_date=20221101, end_date=20251031
2025-10-31 17:41:22,478 - app.services.tushare_daily_service - INFO - 每日行情数据同步完成: 总计7840条记录
2025-10-31 17:41:23,482 - app.services.tushare_daily_service - INFO - 开始同步每日行情数据: trade_date=None, start_date=20221101, end_date=20251031
2025-10-31 17:41:25,010 - app.services.tushare_daily_service - INFO - 每日行情数据同步完成: 总计7840条记录
2025-10-31 17:41:26,016 - app.services.tushare_daily_service - INFO - 开始同步每日行情数据: trade_date=None, start_date=20221101, end_date=20251031
2025-10-31 17:41:27,566 - app.services.tushare_daily_service - INFO - 每日行情数据同步完成: 总计7840条记录
2025-10-31 17:41:28,579 - app.services.tushare_daily_service - INFO - 开始同步每日行情数据: trade_date=None, start_date=20221101, end_date=20251031
2025-10-31 17:41:30,112 - app.services.tushare_daily_service - INFO - 每日行情数据同步完成: 总计7840条记录
2025-10-31 17:41:31,117 - app.services.tushare_daily_service - INFO - 开始同步每日行情数据: trade_date=None, start_date=20221101, end_date=20251031
2025-10-31 17:41:32,657 - app.services.tushare_daily_service - INFO - 每日行情数据同步完成: 总计7840条记录
2025-10-31 17:41:33,664 - app.services.tushare_daily_service - INFO - 开始同步每日行情数据: trade_date=None, start_date=20221101, end_date=20251031
2025-10-31 17:41:35,148 - app.services.tushare_daily_service - INFO - 每日行情数据同步完成: 总计7840条记录
2025-10-31 17:41:36,161 - app.services.tushare_daily_service - INFO - 开始同步每日行情数据: trade_date=None, start_date=20221101, end_date=20251031
2025-10-31 17:41:37,660 - app.services.tushare_daily_service - INFO - 每日行情数据同步完成: 总计7840条记录
2025-10-31 17:41:38,667 - app.services.tushare_daily_service - INFO - 开始同步每日行情数据: trade_date=None, start_date=20221101, end_date=20251031
2025-10-31 17:41:40,196 - app.services.tushare_daily_service - INFO - 每日行情数据同步完成: 总计7840条记录
2025-10-31 17:41:41,209 - app.services.tushare_daily_service - INFO - 开始同步每日行情数据: trade_date=None, start_date=20221101, end_date=20251031
2025-10-31 17:41:42,700 - app.services.tushare_daily_service - INFO - 每日行情数据同步完成: 总计7840条记录
2025-10-31 17:41:43,712 - app.services.tushare_daily_service - INFO - 开始同步每日行情数据: trade_date=None, start_date=20221101, end_date=20251031
2025-10-31 17:41:45,185 - app.services.tushare_daily_service - INFO - 每日行情数据同步完成: 总计7840条记录
2025-10-31 17:41:46,187 - app.services.tushare_daily_service - INFO - 开始同步每日行情数据: trade_date=None, start_date=20221101, end_date=20251031
2025-10-31 17:41:47,696 - app.services.tushare_daily_service - INFO - 每日行情数据同步完成: 总计7840条记录
2025-10-31 17:41:48,707 - app.services.tushare_daily_service - INFO - 开始同步每日行情数据: trade_date=None, start_date=20221101, end_date=20251031
2025-10-31 17:41:50,230 - app.services.tushare_daily_service - INFO - 每日行情数据同步完成: 总计7840条记录
2025-10-31 17:41:51,242 - app.services.tushare_daily_service - INFO - 开始同步每日行情数据: trade_date=None, start_date=20221101, end_date=20251031
2025-10-31 17:41:52,885 - app.services.tushare_daily_service - INFO - 每日行情数据同步完成: 总计7840条记录
2025-10-31 17:41:53,892 - app.services.tushare_daily_service - INFO - 开始同步每日行情数据: trade_date=None, start_date=20221101, end_date=20251031
2025-10-31 17:41:55,437 - app.services.tushare_daily_service - INFO - 每日行情数据同步完成: 总计7840条记录
2025-10-31 17:41:56,440 - app.services.tushare_daily_service - INFO - 开始同步每日行情数据: trade_date=None, start_date=20221101, end_date=20251031
2025-10-31 17:41:57,987 - app.services.tushare_daily_service - INFO - 每日行情数据同步完成: 总计7840条记录
2025-10-31 17:41:58,992 - app.services.tushare_daily_service - INFO - 开始同步每日行情数据: trade_date=None, start_date=20221101, end_date=20251031
2025-10-31 17:42:00,449 - app.services.tushare_daily_service - INFO - 每日行情数据同步完成: 总计7840条记录
2025-10-31 17:42:01,465 - app.services.tushare_daily_service - INFO - 开始同步每日行情数据: trade_date=None, start_date=20221101, end_date=20251031
2025-10-31 17:42:02,998 - app.services.tushare_daily_service - INFO - 每日行情数据同步完成: 总计7840条记录
2025-10-31 17:42:04,015 - app.services.tushare_daily_service - INFO - 开始同步每日行情数据: trade_date=None, start_date=20221101, end_date=20251031
2025-10-31 17:42:05,567 - app.services.tushare_daily_service - INFO - 每日行情数据同步完成: 总计7840条记录
2025-10-31 17:42:06,583 - app.services.tushare_daily_service - INFO - 开始同步每日行情数据: trade_date=None, start_date=20221101, end_date=20251031
2025-10-31 17:42:08,096 - app.services.tushare_daily_service - INFO - 每日行情数据同步完成: 总计7840条记录
2025-10-31 17:42:09,103 - app.services.tushare_daily_service - INFO - 开始同步每日行情数据: trade_date=None, start_date=20221101, end_date=20251031
2025-10-31 17:42:10,589 - app.services.tushare_daily_service - INFO - 每日行情数据同步完成: 总计7840条记录
2025-10-31 17:42:11,592 - app.services.tushare_daily_service - INFO - 开始同步每日行情数据: trade_date=None, start_date=20221101, end_date=20251031
2025-10-31 17:42:13,076 - app.services.tushare_daily_service - INFO - 每日行情数据同步完成: 总计7840条记录
2025-10-31 17:42:14,093 - app.services.tushare_daily_service - INFO - 开始同步每日行情数据: trade_date=None, start_date=20221101, end_date=20251031
2025-10-31 17:42:15,657 - app.services.tushare_daily_service - INFO - 每日行情数据同步完成: 总计7840条记录
2025-10-31 17:42:16,666 - app.services.tushare_daily_service - INFO - 开始同步每日行情数据: trade_date=None, start_date=20221101, end_date=20251031
2025-10-31 17:42:18,155 - app.services.tushare_daily_service - INFO - 每日行情数据同步完成: 总计7840条记录
2025-10-31 17:42:19,171 - app.services.tushare_daily_service - INFO - 开始同步每日行情数据: trade_date=None, start_date=20221101, end_date=20251031
2025-10-31 17:42:20,655 - app.services.tushare_daily_service - INFO - 每日行情数据同步完成: 总计7840条记录
2025-10-31 17:42:21,663 - app.services.tushare_daily_service - INFO - 开始同步每日行情数据: trade_date=None, start_date=20221101, end_date=20251031
2025-10-31 17:42:23,127 - app.services.tushare_daily_service - INFO - 每日行情数据同步完成: 总计7840条记录
2025-10-31 17:42:24,144 - app.services.tushare_daily_service - INFO - 开始同步每日行情数据: trade_date=None, start_date=20221101, end_date=20251031
2025-10-31 17:42:25,651 - app.services.tushare_daily_service - INFO - 每日行情数据同步完成: 总计7840条记录
2025-10-31 17:42:26,667 - app.services.tushare_daily_service - INFO - 开始同步每日行情数据: trade_date=None, start_date=20221101, end_date=20251031
2025-10-31 17:42:28,160 - app.services.tushare_daily_service - INFO - 每日行情数据同步完成: 总计7840条记录
2025-10-31 17:42:29,175 - app.services.tushare_daily_service - INFO - 开始同步每日行情数据: trade_date=None, start_date=20221101, end_date=20251031
2025-10-31 17:42:30,699 - app.services.tushare_daily_service - INFO - 每日行情数据同步完成: 总计7840条记录
2025-10-31 17:42:31,713 - app.services.tushare_daily_service - INFO - 开始同步每日行情数据: trade_date=None, start_date=20221101, end_date=20251031
2025-10-31 17:42:33,339 - app.services.tushare_daily_service - INFO - 每日行情数据同步完成: 总计7840条记录
2025-10-31 17:42:34,347 - app.services.tushare_daily_service - INFO - 开始同步每日行情数据: trade_date=None, start_date=20221101, end_date=20251031
2025-10-31 17:42:35,813 - app.services.tushare_daily_service - INFO - 每日行情数据同步完成: 总计7840条记录
2025-10-31 17:42:36,817 - app.services.tushare_daily_service - INFO - 开始同步每日行情数据: trade_date=None, start_date=20221101, end_date=20251031
2025-10-31 17:42:38,284 - app.services.tushare_daily_service - INFO - 每日行情数据同步完成: 总计7840条记录
2025-10-31 17:42:39,291 - app.services.tushare_daily_service - INFO - 开始同步每日行情数据: trade_date=None, start_date=20221101, end_date=20251031
2025-10-31 17:42:40,768 - app.services.tushare_daily_service - INFO - 每日行情数据同步完成: 总计7840条记录
2025-10-31 17:42:41,785 - app.services.tushare_daily_service - INFO - 开始同步每日行情数据: trade_date=None, start_date=20221101, end_date=20251031
2025-10-31 17:42:43,341 - app.services.tushare_daily_service - INFO - 每日行情数据同步完成: 总计7840条记录
2025-10-31 17:42:44,352 - app.services.tushare_daily_service - INFO - 开始同步每日行情数据: trade_date=None, start_date=20221101, end_date=20251031
2025-10-31 17:42:45,859 - app.services.tushare_daily_service - INFO - 每日行情数据同步完成: 总计7840条记录
2025-10-31 17:42:46,875 - app.services.tushare_daily_service - INFO - 开始同步每日行情数据: trade_date=None, start_date=20221101, end_date=20251031
2025-10-31 17:42:48,345 - app.services.tushare_daily_service - INFO - 每日行情数据同步完成: 总计7840条记录
2025-10-31 17:42:49,352 - app.services.tushare_daily_service - INFO - 开始同步每日行情数据: trade_date=None, start_date=20221101, end_date=20251031
2025-10-31 17:42:50,895 - app.services.tushare_daily_service - INFO - 每日行情数据同步完成: 总计7840条记录
2025-10-31 17:42:51,901 - app.services.tushare_daily_service - INFO - 开始同步每日行情数据: trade_date=None, start_date=20221101, end_date=20251031
2025-10-31 17:42:53,388 - app.services.tushare_daily_service - INFO - 每日行情数据同步完成: 总计7840条记录
2025-10-31 17:42:54,396 - app.services.tushare_daily_service - INFO - 开始同步每日行情数据: trade_date=None, start_date=20221101, end_date=20251031
2025-10-31 17:42:55,896 - app.services.tushare_daily_service - INFO - 每日行情数据同步完成: 总计7840条记录
2025-10-31 17:42:56,909 - app.services.tushare_daily_service - INFO - 开始同步每日行情数据: trade_date=None, start_date=20221101, end_date=20251031
2025-10-31 17:42:58,401 - app.services.tushare_daily_service - INFO - 每日行情数据同步完成: 总计7840条记录
2025-10-31 17:42:59,402 - app.services.tushare_daily_service - INFO - 开始同步每日行情数据: trade_date=None, start_date=20221101, end_date=20251031
2025-10-31 17:43:00,913 - app.services.tushare_daily_service - INFO - 每日行情数据同步完成: 总计7840条记录
2025-10-31 17:43:01,922 - app.services.tushare_daily_service - INFO - 开始同步每日行情数据: trade_date=None, start_date=20221101, end_date=20251031
2025-10-31 17:43:03,572 - app.services.tushare_daily_service - INFO - 每日行情数据同步完成: 总计7840条记录
2025-10-31 17:43:04,582 - app.services.tushare_daily_service - INFO - 开始同步每日行情数据: trade_date=None, start_date=20221101, end_date=20251031
2025-10-31 17:43:06,288 - app.services.tushare_daily_service - INFO - 每日行情数据同步完成: 总计7840条记录
2025-10-31 17:43:07,302 - app.services.tushare_daily_service - INFO - 开始同步每日行情数据: trade_date=None, start_date=20221101, end_date=20251031
2025-10-31 17:43:08,866 - app.services.tushare_daily_service - INFO - 每日行情数据同步完成: 总计7840条记录
2025-10-31 17:43:09,874 - app.services.tushare_daily_service - INFO - 开始同步每日行情数据: trade_date=None, start_date=20221101, end_date=20251031
2025-10-31 17:43:11,521 - app.services.tushare_daily_service - INFO - 每日行情数据同步完成: 总计7840条记录
2025-10-31 17:43:12,532 - app.services.tushare_daily_service - INFO - 开始同步每日行情数据: trade_date=None, start_date=20221101, end_date=20251031
2025-10-31 17:43:14,062 - app.services.tushare_daily_service - INFO - 每日行情数据同步完成: 总计7840条记录
2025-10-31 17:43:15,071 - app.services.tushare_daily_service - INFO - 开始同步每日行情数据: trade_date=None, start_date=20221101, end_date=20251031
2025-10-31 17:43:16,785 - app.services.tushare_daily_service - INFO - 每日行情数据同步完成: 总计7840条记录
2025-10-31 17:43:17,792 - app.services.tushare_daily_service - INFO - 开始同步每日行情数据: trade_date=None, start_date=20221101, end_date=20251031
2025-10-31 17:43:19,464 - app.services.tushare_daily_service - INFO - 每日行情数据同步完成: 总计7840条记录
2025-10-31 17:43:20,475 - app.services.tushare_daily_service - INFO - 开始同步每日行情数据: trade_date=None, start_date=20221101, end_date=20251031
2025-10-31 17:43:21,985 - app.services.tushare_daily_service - INFO - 每日行情数据同步完成: 总计7840条记录
2025-10-31 17:43:22,994 - app.services.tushare_daily_service - INFO - 开始同步每日行情数据: trade_date=None, start_date=20221101, end_date=20251031
2025-10-31 17:43:24,572 - app.services.tushare_daily_service - INFO - 每日行情数据同步完成: 总计7840条记录
2025-10-31 17:43:25,574 - app.services.tushare_daily_service - INFO - 开始同步每日行情数据: trade_date=None, start_date=20221101, end_date=20251031
2025-10-31 17:43:27,108 - app.services.tushare_daily_service - INFO - 每日行情数据同步完成: 总计7840条记录
2025-10-31 17:43:28,111 - app.services.tushare_daily_service - INFO - 开始同步每日行情数据: trade_date=None, start_date=20221101, end_date=20251031
2025-10-31 17:43:29,669 - app.services.tushare_daily_service - INFO - 每日行情数据同步完成: 总计7840条记录
2025-10-31 17:43:30,681 - app.services.tushare_daily_service - INFO - 开始同步每日行情数据: trade_date=None, start_date=20221101, end_date=20251031
2025-10-31 17:43:32,222 - app.services.tushare_daily_service - INFO - 每日行情数据同步完成: 总计7840条记录
2025-10-31 17:43:33,234 - app.services.tushare_daily_service - INFO - 开始同步每日行情数据: trade_date=None, start_date=20221101, end_date=20251031
2025-10-31 17:43:34,919 - app.services.tushare_daily_service - INFO - 每日行情数据同步完成: 总计7840条记录
2025-10-31 17:43:35,928 - app.services.tushare_daily_service - INFO - 开始同步每日行情数据: trade_date=None, start_date=20221101, end_date=20251031
2025-10-31 17:43:37,469 - app.services.tushare_daily_service - INFO - 每日行情数据同步完成: 总计7840条记录
2025-10-31 17:43:38,482 - app.services.tushare_daily_service - INFO - 开始同步每日行情数据: trade_date=None, start_date=20221101, end_date=20251031
2025-10-31 17:43:40,077 - app.services.tushare_daily_service - INFO - 每日行情数据同步完成: 总计7840条记录
2025-10-31 17:43:41,092 - app.services.tushare_daily_service - INFO - 开始同步每日行情数据: trade_date=None, start_date=20221101, end_date=20251031
2025-10-31 17:43:42,595 - app.services.tushare_daily_service - INFO - 每日行情数据同步完成: 总计7840条记录
2025-10-31 17:43:43,602 - app.services.tushare_daily_service - INFO - 开始同步每日行情数据: trade_date=None, start_date=20221101, end_date=20251031
2025-10-31 17:43:45,215 - app.services.tushare_daily_service - INFO - 每日行情数据同步完成: 总计7840条记录
2025-10-31 17:43:46,228 - app.services.tushare_daily_service - INFO - 开始同步每日行情数据: trade_date=None, start_date=20221101, end_date=20251031
2025-10-31 17:43:47,867 - app.services.tushare_daily_service - INFO - 每日行情数据同步完成: 总计7840条记录
2025-10-31 17:43:48,870 - app.services.tushare_daily_service - INFO - 开始同步每日行情数据: trade_date=None, start_date=20221101, end_date=20251031
2025-10-31 17:43:50,408 - app.services.tushare_daily_service - INFO - 每日行情数据同步完成: 总计7840条记录
2025-10-31 17:43:51,421 - app.services.tushare_daily_service - INFO - 开始同步每日行情数据: trade_date=None, start_date=20221101, end_date=20251031
2025-10-31 17:43:53,037 - app.services.tushare_daily_service - INFO - 每日行情数据同步完成: 总计7840条记录
2025-10-31 17:43:54,038 - app.services.tushare_daily_service - INFO - 开始同步每日行情数据: trade_date=None, start_date=20221101, end_date=20251031
2025-10-31 17:43:55,547 - app.services.tushare_daily_service - INFO - 每日行情数据同步完成: 总计7840条记录
2025-10-31 17:43:56,558 - app.services.tushare_daily_service - INFO - 开始同步每日行情数据: trade_date=None, start_date=20221101, end_date=20251031
2025-10-31 17:43:58,094 - app.services.tushare_daily_service - INFO - 每日行情数据同步完成: 总计7840条记录
2025-10-31 17:43:59,112 - app.services.tushare_daily_service - INFO - 开始同步每日行情数据: trade_date=None, start_date=20221101, end_date=20251031
2025-10-31 17:44:00,646 - app.services.tushare_daily_service - INFO - 每日行情数据同步完成: 总计7840条记录
2025-10-31 17:44:01,662 - app.services.tushare_daily_service - INFO - 开始同步每日行情数据: trade_date=None, start_date=20221101, end_date=20251031
2025-10-31 17:44:03,145 - app.services.tushare_daily_service - INFO - 每日行情数据同步完成: 总计7840条记录
2025-10-31 17:44:04,152 - app.services.tushare_daily_service - INFO - 开始同步每日行情数据: trade_date=None, start_date=20221101, end_date=20251031
2025-10-31 17:44:05,664 - app.services.tushare_daily_service - INFO - 每日行情数据同步完成: 总计7840条记录
2025-10-31 17:44:06,673 - app.services.tushare_daily_service - INFO - 开始同步每日行情数据: trade_date=None, start_date=20221101, end_date=20251031
2025-10-31 17:44:08,211 - app.services.tushare_daily_service - INFO - 每日行情数据同步完成: 总计7840条记录
2025-10-31 17:44:09,225 - app.services.tushare_daily_service - INFO - 开始同步每日行情数据: trade_date=None, start_date=20221101, end_date=20251031
2025-10-31 17:44:10,799 - app.services.tushare_daily_service - INFO - 每日行情数据同步完成: 总计7840条记录
2025-10-31 17:44:11,809 - app.services.tushare_daily_service - INFO - 开始同步每日行情数据: trade_date=None, start_date=20221101, end_date=20251031
2025-10-31 17:44:13,365 - app.services.tushare_daily_service - INFO - 每日行情数据同步完成: 总计7840条记录
2025-10-31 17:44:14,376 - app.services.tushare_daily_service - INFO - 开始同步每日行情数据: trade_date=None, start_date=20221101, end_date=20251031
2025-10-31 17:44:15,964 - app.services.tushare_daily_service - INFO - 每日行情数据同步完成: 总计7840条记录
2025-10-31 17:44:16,977 - app.services.tushare_daily_service - INFO - 开始同步每日行情数据: trade_date=None, start_date=20221101, end_date=20251031
2025-10-31 17:44:18,460 - app.services.tushare_daily_service - INFO - 每日行情数据同步完成: 总计7840条记录
2025-10-31 17:44:19,471 - app.services.tushare_daily_service - INFO - 开始同步每日行情数据: trade_date=None, start_date=20221101, end_date=20251031
2025-10-31 17:44:20,998 - app.services.tushare_daily_service - INFO - 每日行情数据同步完成: 总计7840条记录
2025-10-31 17:44:22,000 - app.services.tushare_daily_service - INFO - 开始同步每日行情数据: trade_date=None, start_date=20221101, end_date=20251031
2025-10-31 17:44:23,514 - app.services.tushare_daily_service - INFO - 每日行情数据同步完成: 总计7840条记录
2025-10-31 17:44:24,518 - app.services.tushare_daily_service - INFO - 开始同步每日行情数据: trade_date=None, start_date=20221101, end_date=20251031
2025-10-31 17:44:26,012 - app.services.tushare_daily_service - INFO - 每日行情数据同步完成: 总计7840条记录
2025-10-31 17:44:27,029 - app.services.tushare_daily_service - INFO - 开始同步每日行情数据: trade_date=None, start_date=20221101, end_date=20251031
2025-10-31 17:44:28,519 - app.services.tushare_daily_service - INFO - 每日行情数据同步完成: 总计7840条记录
2025-10-31 17:44:29,532 - app.services.tushare_daily_service - INFO - 开始同步每日行情数据: trade_date=None, start_date=20221101, end_date=20251031
2025-10-31 17:44:31,159 - app.services.tushare_daily_service - INFO - 每日行情数据同步完成: 总计7840条记录
2025-10-31 17:44:32,164 - app.services.tushare_daily_service - INFO - 开始同步每日行情数据: trade_date=None, start_date=20221101, end_date=20251031
2025-10-31 17:44:33,678 - app.services.tushare_daily_service - INFO - 每日行情数据同步完成: 总计7840条记录
2025-10-31 17:44:34,683 - app.services.tushare_daily_service - INFO - 开始同步每日行情数据: trade_date=None, start_date=20221101, end_date=20251031
2025-10-31 17:44:36,180 - app.services.tushare_daily_service - INFO - 每日行情数据同步完成: 总计7840条记录
2025-10-31 17:44:37,184 - app.services.tushare_daily_service - INFO - 开始同步每日行情数据: trade_date=None, start_date=20221101, end_date=20251031
2025-10-31 17:44:38,711 - app.services.tushare_daily_service - INFO - 每日行情数据同步完成: 总计7840条记录
2025-10-31 17:44:39,728 - app.services.tushare_daily_service - INFO - 开始同步每日行情数据: trade_date=None, start_date=20221101, end_date=20251031
2025-10-31 17:44:41,258 - app.services.tushare_daily_service - INFO - 每日行情数据同步完成: 总计7840条记录
2025-10-31 17:44:42,261 - app.services.tushare_daily_service - INFO - 开始同步每日行情数据: trade_date=None, start_date=20221101, end_date=20251031
2025-10-31 17:44:43,747 - app.services.tushare_daily_service - INFO - 每日行情数据同步完成: 总计7840条记录
2025-10-31 17:44:44,760 - app.services.tushare_daily_service - INFO - 开始同步每日行情数据: trade_date=None, start_date=20221101, end_date=20251031
2025-10-31 17:44:46,240 - app.services.tushare_daily_service - INFO - 每日行情数据同步完成: 总计7840条记录
2025-10-31 17:44:47,254 - app.services.tushare_daily_service - INFO - 开始同步每日行情数据: trade_date=None, start_date=20221101, end_date=20251031
2025-10-31 17:44:48,769 - app.services.tushare_daily_service - INFO - 每日行情数据同步完成: 总计7840条记录
2025-10-31 17:44:49,777 - app.services.tushare_daily_service - INFO - 开始同步每日行情数据: trade_date=None, start_date=20221101, end_date=20251031
2025-10-31 17:44:51,258 - app.services.tushare_daily_service - INFO - 每日行情数据同步完成: 总计7840条记录
2025-10-31 17:44:52,269 - app.services.tushare_daily_service - INFO - 开始同步每日行情数据: trade_date=None, start_date=20221101, end_date=20251031
2025-10-31 17:44:53,704 - app.services.tushare_daily_service - INFO - 每日行情数据同步完成: 总计7840条记录
2025-10-31 17:44:54,714 - app.services.tushare_daily_service - INFO - 开始同步每日行情数据: trade_date=None, start_date=20221101, end_date=20251031
2025-10-31 17:44:56,159 - app.services.tushare_daily_service - INFO - 每日行情数据同步完成: 总计7840条记录
2025-10-31 17:44:57,173 - app.services.tushare_daily_service - INFO - 开始同步每日行情数据: trade_date=None, start_date=20221101, end_date=20251031
2025-10-31 17:44:58,659 - app.services.tushare_daily_service - INFO - 每日行情数据同步完成: 总计7840条记录
2025-10-31 17:44:59,666 - app.services.tushare_daily_service - INFO - 开始同步每日行情数据: trade_date=None, start_date=20221101, end_date=20251031
2025-10-31 17:45:01,370 - app.services.tushare_daily_service - INFO - 每日行情数据同步完成: 总计7840条记录
2025-10-31 17:45:02,379 - app.services.tushare_daily_service - INFO - 开始同步每日行情数据: trade_date=None, start_date=20221101, end_date=20251031
2025-10-31 17:45:03,819 - app.services.tushare_daily_service - INFO - 每日行情数据同步完成: 总计7840条记录
2025-10-31 17:45:04,829 - app.services.tushare_daily_service - INFO - 开始同步每日行情数据: trade_date=None, start_date=20221101, end_date=20251031
2025-10-31 17:45:06,325 - app.services.tushare_daily_service - INFO - 每日行情数据同步完成: 总计7840条记录
2025-10-31 17:45:07,331 - app.services.tushare_daily_service - INFO - 开始同步每日行情数据: trade_date=None, start_date=20221101, end_date=20251031
2025-10-31 17:45:08,834 - app.services.tushare_daily_service - INFO - 每日行情数据同步完成: 总计7840条记录
2025-10-31 17:45:09,838 - app.services.tushare_daily_service - INFO - 开始同步每日行情数据: trade_date=None, start_date=20221101, end_date=20251031
2025-10-31 17:45:11,286 - app.services.tushare_daily_service - INFO - 每日行情数据同步完成: 总计7840条记录
2025-10-31 17:45:12,302 - app.services.tushare_daily_service - INFO - 开始同步每日行情数据: trade_date=None, start_date=20221101, end_date=20251031
2025-10-31 17:45:13,783 - app.services.tushare_daily_service - INFO - 每日行情数据同步完成: 总计7840条记录
2025-10-31 17:45:14,790 - app.services.tushare_daily_service - INFO - 开始同步每日行情数据: trade_date=None, start_date=20221101, end_date=20251031
2025-10-31 17:45:16,287 - app.services.tushare_daily_service - INFO - 每日行情数据同步完成: 总计7840条记录
2025-10-31 17:45:17,296 - app.services.tushare_daily_service - INFO - 开始同步每日行情数据: trade_date=None, start_date=20221101, end_date=20251031
2025-10-31 17:45:18,777 - app.services.tushare_daily_service - INFO - 每日行情数据同步完成: 总计7840条记录
2025-10-31 17:45:19,780 - app.services.tushare_daily_service - INFO - 开始同步每日行情数据: trade_date=None, start_date=20221101, end_date=20251031
2025-10-31 17:45:21,282 - app.services.tushare_daily_service - INFO - 每日行情数据同步完成: 总计7840条记录
2025-10-31 17:45:22,298 - app.services.tushare_daily_service - INFO - 开始同步每日行情数据: trade_date=None, start_date=20221101, end_date=20251031
2025-10-31 17:45:23,865 - app.services.tushare_daily_service - INFO - 每日行情数据同步完成: 总计7840条记录
2025-10-31 17:45:24,871 - app.services.tushare_daily_service - INFO - 开始同步每日行情数据: trade_date=None, start_date=20221101, end_date=20251031
2025-10-31 17:45:26,314 - app.services.tushare_daily_service - INFO - 每日行情数据同步完成: 总计7840条记录
2025-10-31 17:45:27,328 - app.services.tushare_daily_service - INFO - 开始同步每日行情数据: trade_date=None, start_date=20221101, end_date=20251031
2025-10-31 17:45:28,781 - app.services.tushare_daily_service - INFO - 每日行情数据同步完成: 总计7840条记录
2025-10-31 17:45:29,786 - app.services.tushare_daily_service - INFO - 开始同步每日行情数据: trade_date=None, start_date=20221101, end_date=20251031
2025-10-31 17:45:31,277 - app.services.tushare_daily_service - INFO - 每日行情数据同步完成: 总计7840条记录
2025-10-31 17:45:32,294 - app.services.tushare_daily_service - INFO - 开始同步每日行情数据: trade_date=None, start_date=20221101, end_date=20251031
2025-10-31 17:45:33,767 - app.services.tushare_daily_service - INFO - 每日行情数据同步完成: 总计7840条记录
2025-10-31 17:45:34,780 - app.services.tushare_daily_service - INFO - 开始同步每日行情数据: trade_date=None, start_date=20221101, end_date=20251031
2025-10-31 17:45:36,268 - app.services.tushare_daily_service - INFO - 每日行情数据同步完成: 总计7840条记录
2025-10-31 17:45:37,276 - app.services.tushare_daily_service - INFO - 开始同步每日行情数据: trade_date=None, start_date=20221101, end_date=20251031
2025-10-31 17:45:38,728 - app.services.tushare_daily_service - INFO - 每日行情数据同步完成: 总计7840条记录
2025-10-31 17:45:39,731 - app.services.tushare_daily_service - INFO - 开始同步每日行情数据: trade_date=None, start_date=20221101, end_date=20251031
2025-10-31 17:45:41,217 - app.services.tushare_daily_service - INFO - 每日行情数据同步完成: 总计7840条记录
2025-10-31 17:45:42,221 - app.services.tushare_daily_service - INFO - 开始同步每日行情数据: trade_date=None, start_date=20221101, end_date=20251031
2025-10-31 17:45:43,853 - app.services.tushare_daily_service - INFO - 每日行情数据同步完成: 总计7840条记录
2025-10-31 17:45:44,864 - app.services.tushare_daily_service - INFO - 开始同步每日行情数据: trade_date=None, start_date=20221101, end_date=20251031
2025-10-31 17:45:46,357 - app.services.tushare_daily_service - INFO - 每日行情数据同步完成: 总计7840条记录
2025-10-31 17:45:47,371 - app.services.tushare_daily_service - INFO - 开始同步每日行情数据: trade_date=None, start_date=20221101, end_date=20251031
2025-10-31 17:45:48,811 - app.services.tushare_daily_service - INFO - 每日行情数据同步完成: 总计7840条记录
2025-10-31 17:45:49,816 - app.services.tushare_daily_service - INFO - 开始同步每日行情数据: trade_date=None, start_date=20221101, end_date=20251031
2025-10-31 17:45:51,310 - app.services.tushare_daily_service - INFO - 每日行情数据同步完成: 总计7840条记录
2025-10-31 17:45:52,322 - app.services.tushare_daily_service - INFO - 开始同步每日行情数据: trade_date=None, start_date=20221101, end_date=20251031
2025-10-31 17:45:53,788 - app.services.tushare_daily_service - INFO - 每日行情数据同步完成: 总计7840条记录
2025-10-31 17:45:54,803 - app.services.tushare_daily_service - INFO - 开始同步每日行情数据: trade_date=None, start_date=20221101, end_date=20251031
2025-10-31 17:45:56,378 - app.services.tushare_daily_service - INFO - 每日行情数据同步完成: 总计7840条记录
2025-10-31 17:45:57,386 - app.services.tushare_daily_service - INFO - 开始同步每日行情数据: trade_date=None, start_date=20221101, end_date=20251031
2025-10-31 17:45:58,878 - app.services.tushare_daily_service - INFO - 每日行情数据同步完成: 总计7840条记录
2025-10-31 17:45:59,892 - app.services.tushare_daily_service - INFO - 开始同步每日行情数据: trade_date=None, start_date=20221101, end_date=20251031
2025-10-31 17:46:01,468 - app.services.tushare_daily_service - INFO - 每日行情数据同步完成: 总计7840条记录
2025-10-31 17:46:02,475 - app.services.tushare_daily_service - INFO - 开始同步每日行情数据: trade_date=None, start_date=20221101, end_date=20251031
2025-10-31 17:46:03,984 - app.services.tushare_daily_service - INFO - 每日行情数据同步完成: 总计7840条记录
2025-10-31 17:46:04,998 - app.services.tushare_daily_service - INFO - 开始同步每日行情数据: trade_date=None, start_date=20221101, end_date=20251031
2025-10-31 17:46:06,499 - app.services.tushare_daily_service - INFO - 每日行情数据同步完成: 总计7840条记录
2025-10-31 17:46:07,510 - app.services.tushare_daily_service - INFO - 开始同步每日行情数据: trade_date=None, start_date=20221101, end_date=20251031
2025-10-31 17:46:09,003 - app.services.tushare_daily_service - INFO - 每日行情数据同步完成: 总计7840条记录
2025-10-31 17:46:10,018 - app.services.tushare_daily_service - INFO - 开始同步每日行情数据: trade_date=None, start_date=20221101, end_date=20251031
2025-10-31 17:46:11,506 - app.services.tushare_daily_service - INFO - 每日行情数据同步完成: 总计7840条记录
2025-10-31 17:46:12,509 - app.services.tushare_daily_service - INFO - 开始同步每日行情数据: trade_date=None, start_date=20221101, end_date=20251031
2025-10-31 17:46:14,131 - app.services.tushare_daily_service - INFO - 每日行情数据同步完成: 总计7840条记录
2025-10-31 17:46:15,136 - app.services.tushare_daily_service - INFO - 开始同步每日行情数据: trade_date=None, start_date=20221101, end_date=20251031
2025-10-31 17:46:16,708 - app.services.tushare_daily_service - INFO - 每日行情数据同步完成: 总计7840条记录
2025-10-31 17:46:17,719 - app.services.tushare_daily_service - INFO - 开始同步每日行情数据: trade_date=None, start_date=20221101, end_date=20251031
2025-10-31 17:46:19,208 - app.services.tushare_daily_service - INFO - 每日行情数据同步完成: 总计7840条记录
2025-10-31 17:46:20,222 - app.services.tushare_daily_service - INFO - 开始同步每日行情数据: trade_date=None, start_date=20221101, end_date=20251031
2025-10-31 17:46:21,786 - app.services.tushare_daily_service - INFO - 每日行情数据同步完成: 总计7840条记录
2025-10-31 17:46:22,790 - app.services.tushare_daily_service - INFO - 开始同步每日行情数据: trade_date=None, start_date=20221101, end_date=20251031
2025-10-31 17:46:24,398 - app.services.tushare_daily_service - INFO - 每日行情数据同步完成: 总计7840条记录
2025-10-31 17:46:25,411 - app.services.tushare_daily_service - INFO - 开始同步每日行情数据: trade_date=None, start_date=20221101, end_date=20251031
2025-10-31 17:46:26,924 - app.services.tushare_daily_service - INFO - 每日行情数据同步完成: 总计7840条记录
2025-10-31 17:46:27,932 - app.services.tushare_daily_service - INFO - 开始同步每日行情数据: trade_date=None, start_date=20221101, end_date=20251031
2025-10-31 17:46:29,522 - app.services.tushare_daily_service - INFO - 每日行情数据同步完成: 总计7840条记录
2025-10-31 17:46:30,531 - app.services.tushare_daily_service - INFO - 开始同步每日行情数据: trade_date=None, start_date=20221101, end_date=20251031
2025-10-31 17:46:32,072 - app.services.tushare_daily_service - INFO - 每日行情数据同步完成: 总计7840条记录
2025-10-31 17:46:33,087 - app.services.tushare_daily_service - INFO - 开始同步每日行情数据: trade_date=None, start_date=20221101, end_date=20251031
2025-10-31 17:46:34,740 - app.services.tushare_daily_service - INFO - 每日行情数据同步完成: 总计7840条记录
2025-10-31 17:46:35,754 - app.services.tushare_daily_service - INFO - 开始同步每日行情数据: trade_date=None, start_date=20221101, end_date=20251031
2025-10-31 17:46:37,275 - app.services.tushare_daily_service - INFO - 每日行情数据同步完成: 总计7840条记录
2025-10-31 17:46:38,283 - app.services.tushare_daily_service - INFO - 开始同步每日行情数据: trade_date=None, start_date=20221101, end_date=20251031
2025-10-31 17:46:39,922 - app.services.tushare_daily_service - INFO - 每日行情数据同步完成: 总计7840条记录
2025-10-31 17:46:40,927 - app.services.tushare_daily_service - INFO - 开始同步每日行情数据: trade_date=None, start_date=20221101, end_date=20251031
2025-10-31 17:46:42,430 - app.services.tushare_daily_service - INFO - 每日行情数据同步完成: 总计7840条记录
2025-10-31 17:46:43,443 - app.services.tushare_daily_service - INFO - 开始同步每日行情数据: trade_date=None, start_date=20221101, end_date=20251031
2025-10-31 17:46:45,050 - app.services.tushare_daily_service - INFO - 每日行情数据同步完成: 总计7840条记录
2025-10-31 17:46:46,058 - app.services.tushare_daily_service - INFO - 开始同步每日行情数据: trade_date=None, start_date=20221101, end_date=20251031
2025-10-31 17:46:47,633 - app.services.tushare_daily_service - INFO - 每日行情数据同步完成: 总计7840条记录
2025-10-31 17:46:48,646 - app.services.tushare_daily_service - INFO - 开始同步每日行情数据: trade_date=None, start_date=20221101, end_date=20251031
2025-10-31 17:46:50,164 - app.services.tushare_daily_service - INFO - 每日行情数据同步完成: 总计7840条记录
2025-10-31 17:46:51,178 - app.services.tushare_daily_service - INFO - 开始同步每日行情数据: trade_date=None, start_date=20221101, end_date=20251031
2025-10-31 17:46:52,832 - app.services.tushare_daily_service - INFO - 每日行情数据同步完成: 总计7840条记录
2025-10-31 17:46:53,843 - app.services.tushare_daily_service - INFO - 开始同步每日行情数据: trade_date=None, start_date=20221101, end_date=20251031
2025-10-31 17:46:55,346 - app.services.tushare_daily_service - INFO - 每日行情数据同步完成: 总计7840条记录
2025-10-31 17:46:56,351 - app.services.tushare_daily_service - INFO - 开始同步每日行情数据: trade_date=None, start_date=20221101, end_date=20251031
2025-10-31 17:46:57,868 - app.services.tushare_daily_service - INFO - 每日行情数据同步完成: 总计7840条记录
2025-10-31 17:46:58,884 - app.services.tushare_daily_service - INFO - 开始同步每日行情数据: trade_date=None, start_date=20221101, end_date=20251031
2025-10-31 17:47:00,379 - app.services.tushare_daily_service - INFO - 每日行情数据同步完成: 总计7840条记录
2025-10-31 17:47:01,387 - app.services.tushare_daily_service - INFO - 开始同步每日行情数据: trade_date=None, start_date=20221101, end_date=20251031
2025-10-31 17:47:02,990 - app.services.tushare_daily_service - INFO - 每日行情数据同步完成: 总计7840条记录
2025-10-31 17:47:03,999 - app.services.tushare_daily_service - INFO - 开始同步每日行情数据: trade_date=None, start_date=20221101, end_date=20251031
2025-10-31 17:47:05,544 - app.services.tushare_daily_service - INFO - 每日行情数据同步完成: 总计7840条记录
2025-10-31 17:47:06,555 - app.services.tushare_daily_service - INFO - 开始同步每日行情数据: trade_date=None, start_date=20221101, end_date=20251031
2025-10-31 17:47:08,072 - app.services.tushare_daily_service - INFO - 每日行情数据同步完成: 总计7840条记录
2025-10-31 17:47:09,079 - app.services.tushare_daily_service - INFO - 开始同步每日行情数据: trade_date=None, start_date=20221101, end_date=20251031
2025-10-31 17:47:10,628 - app.services.tushare_daily_service - INFO - 每日行情数据同步完成: 总计7840条记录
2025-10-31 17:47:11,638 - app.services.tushare_daily_service - INFO - 开始同步每日行情数据: trade_date=None, start_date=20221101, end_date=20251031
2025-10-31 17:47:13,236 - app.services.tushare_daily_service - INFO - 每日行情数据同步完成: 总计7840条记录
2025-10-31 17:47:14,250 - app.services.tushare_daily_service - INFO - 开始同步每日行情数据: trade_date=None, start_date=20221101, end_date=20251031
2025-10-31 17:47:15,810 - app.services.tushare_daily_service - INFO - 每日行情数据同步完成: 总计7840条记录
2025-10-31 17:47:16,816 - app.services.tushare_daily_service - INFO - 开始同步每日行情数据: trade_date=None, start_date=20221101, end_date=20251031
2025-10-31 17:47:18,419 - app.services.tushare_daily_service - INFO - 每日行情数据同步完成: 总计7840条记录
2025-10-31 17:47:19,432 - app.services.tushare_daily_service - INFO - 开始同步每日行情数据: trade_date=None, start_date=20221101, end_date=20251031
2025-10-31 17:47:20,980 - app.services.tushare_daily_service - INFO - 每日行情数据同步完成: 总计7840条记录
2025-10-31 17:47:21,998 - app.services.tushare_daily_service - INFO - 开始同步每日行情数据: trade_date=None, start_date=20221101, end_date=20251031
2025-10-31 17:47:23,505 - app.services.tushare_daily_service - INFO - 每日行情数据同步完成: 总计7840条记录
2025-10-31 17:47:24,512 - app.services.tushare_daily_service - INFO - 开始同步每日行情数据: trade_date=None, start_date=20221101, end_date=20251031
2025-10-31 17:47:26,102 - app.services.tushare_daily_service - INFO - 每日行情数据同步完成: 总计7840条记录
2025-10-31 17:47:27,117 - app.services.tushare_daily_service - INFO - 开始同步每日行情数据: trade_date=None, start_date=20221101, end_date=20251031
2025-10-31 17:47:28,602 - app.services.tushare_daily_service - INFO - 每日行情数据同步完成: 总计7840条记录
2025-10-31 17:47:29,609 - app.services.tushare_daily_service - INFO - 开始同步每日行情数据: trade_date=None, start_date=20221101, end_date=20251031
2025-10-31 17:47:31,133 - app.services.tushare_daily_service - INFO - 每日行情数据同步完成: 总计7840条记录
2025-10-31 17:47:32,135 - app.services.tushare_daily_service - INFO - 开始同步每日行情数据: trade_date=None, start_date=20221101, end_date=20251031
2025-10-31 17:47:33,627 - app.services.tushare_daily_service - INFO - 每日行情数据同步完成: 总计7840条记录
2025-10-31 17:47:34,637 - app.services.tushare_daily_service - INFO - 开始同步每日行情数据: trade_date=None, start_date=20221101, end_date=20251031
2025-10-31 17:47:36,242 - app.services.tushare_daily_service - INFO - 每日行情数据同步完成: 总计7840条记录
2025-10-31 17:47:37,249 - app.services.tushare_daily_service - INFO - 开始同步每日行情数据: trade_date=None, start_date=20221101, end_date=20251031
2025-10-31 17:47:38,769 - app.services.tushare_daily_service - INFO - 每日行情数据同步完成: 总计7840条记录
2025-10-31 17:47:39,777 - app.services.tushare_daily_service - INFO - 开始同步每日行情数据: trade_date=None, start_date=20221101, end_date=20251031
2025-10-31 17:47:41,332 - app.services.tushare_daily_service - INFO - 每日行情数据同步完成: 总计7840条记录
2025-10-31 17:47:42,346 - app.services.tushare_daily_service - INFO - 开始同步每日行情数据: trade_date=None, start_date=20221101, end_date=20251031
2025-10-31 17:47:43,797 - app.services.tushare_daily_service - INFO - 每日行情数据同步完成: 总计7840条记录
2025-10-31 17:47:44,805 - app.services.tushare_daily_service - INFO - 开始同步每日行情数据: trade_date=None, start_date=20221101, end_date=20251031
2025-10-31 17:47:46,437 - app.services.tushare_daily_service - INFO - 每日行情数据同步完成: 总计7840条记录
2025-10-31 17:47:47,449 - app.services.tushare_daily_service - INFO - 开始同步每日行情数据: trade_date=None, start_date=20221101, end_date=20251031
2025-10-31 17:47:48,975 - app.services.tushare_daily_service - INFO - 每日行情数据同步完成: 总计7840条记录
2025-10-31 17:47:49,983 - app.services.tushare_daily_service - INFO - 开始同步每日行情数据: trade_date=None, start_date=20221101, end_date=20251031
2025-10-31 17:47:51,530 - app.services.tushare_daily_service - INFO - 每日行情数据同步完成: 总计7840条记录
2025-10-31 17:47:52,534 - app.services.tushare_daily_service - INFO - 开始同步每日行情数据: trade_date=None, start_date=20221101, end_date=20251031
2025-10-31 17:47:54,013 - app.services.tushare_daily_service - INFO - 每日行情数据同步完成: 总计7840条记录
2025-10-31 17:47:55,016 - app.services.tushare_daily_service - INFO - 开始同步每日行情数据: trade_date=None, start_date=20221101, end_date=20251031
2025-10-31 17:47:56,514 - app.services.tushare_daily_service - INFO - 每日行情数据同步完成: 总计7840条记录
2025-10-31 17:47:57,518 - app.services.tushare_daily_service - INFO - 开始同步每日行情数据: trade_date=None, start_date=20221101, end_date=20251031
2025-10-31 17:47:58,964 - app.services.tushare_daily_service - INFO - 每日行情数据同步完成: 总计7840条记录
2025-10-31 17:47:59,976 - app.services.tushare_daily_service - INFO - 开始同步每日行情数据: trade_date=None, start_date=20221101, end_date=20251031
2025-10-31 17:48:01,456 - app.services.tushare_daily_service - INFO - 每日行情数据同步完成: 总计7840条记录
2025-10-31 17:48:02,462 - app.services.tushare_daily_service - INFO - 开始同步每日行情数据: trade_date=None, start_date=20221101, end_date=20251031
2025-10-31 17:48:04,269 - app.services.tushare_daily_service - INFO - 每日行情数据同步完成: 总计7840条记录
2025-10-31 17:48:05,279 - app.services.tushare_daily_service - INFO - 开始同步每日行情数据: trade_date=None, start_date=20221101, end_date=20251031
2025-10-31 17:48:06,950 - app.services.tushare_daily_service - INFO - 每日行情数据同步完成: 总计7840条记录
2025-10-31 17:48:07,953 - app.services.tushare_daily_service - INFO - 开始同步每日行情数据: trade_date=None, start_date=20221101, end_date=20251031
2025-10-31 17:48:09,484 - app.services.tushare_daily_service - INFO - 每日行情数据同步完成: 总计7840条记录
2025-10-31 17:48:10,488 - app.services.tushare_daily_service - INFO - 开始同步每日行情数据: trade_date=None, start_date=20221101, end_date=20251031
2025-10-31 17:48:11,921 - app.services.tushare_daily_service - INFO - 每日行情数据同步完成: 总计7840条记录
2025-10-31 17:48:12,932 - app.services.tushare_daily_service - INFO - 开始同步每日行情数据: trade_date=None, start_date=20221101, end_date=20251031
2025-10-31 17:48:14,508 - app.services.tushare_daily_service - INFO - 每日行情数据同步完成: 总计7840条记录
2025-10-31 17:48:15,513 - app.services.tushare_daily_service - INFO - 开始同步每日行情数据: trade_date=None, start_date=20221101, end_date=20251031
2025-10-31 17:48:17,007 - app.services.tushare_daily_service - INFO - 每日行情数据同步完成: 总计7840条记录
2025-10-31 17:48:18,013 - app.services.tushare_daily_service - INFO - 开始同步每日行情数据: trade_date=None, start_date=20221101, end_date=20251031
2025-10-31 17:48:19,530 - app.services.tushare_daily_service - INFO - 每日行情数据同步完成: 总计7840条记录
2025-10-31 17:48:20,531 - app.services.tushare_daily_service - INFO - 开始同步每日行情数据: trade_date=None, start_date=20221101, end_date=20251031
2025-10-31 17:48:22,139 - app.services.tushare_daily_service - INFO - 每日行情数据同步完成: 总计7840条记录
2025-10-31 17:48:23,150 - app.services.tushare_daily_service - INFO - 开始同步每日行情数据: trade_date=None, start_date=20221101, end_date=20251031
2025-10-31 17:48:24,806 - app.services.tushare_daily_service - INFO - 每日行情数据同步完成: 总计7840条记录
2025-10-31 17:48:25,810 - app.services.tushare_daily_service - INFO - 开始同步每日行情数据: trade_date=None, start_date=20221101, end_date=20251031
2025-10-31 17:48:27,426 - app.services.tushare_daily_service - INFO - 每日行情数据同步完成: 总计7840条记录
2025-10-31 17:48:28,440 - app.services.tushare_daily_service - INFO - 开始同步每日行情数据: trade_date=None, start_date=20221101, end_date=20251031
2025-10-31 17:48:30,114 - app.services.tushare_daily_service - INFO - 每日行情数据同步完成: 总计7840条记录
2025-10-31 17:48:31,120 - app.services.tushare_daily_service - INFO - 开始同步每日行情数据: trade_date=None, start_date=20221101, end_date=20251031
2025-10-31 17:48:32,914 - app.services.tushare_daily_service - INFO - 每日行情数据同步完成: 总计7840条记录
2025-10-31 17:48:33,921 - app.services.tushare_daily_service - INFO - 开始同步每日行情数据: trade_date=None, start_date=20221101, end_date=20251031
2025-10-31 17:48:35,534 - app.services.tushare_daily_service - INFO - 每日行情数据同步完成: 总计7840条记录
2025-10-31 17:48:36,537 - app.services.tushare_daily_service - INFO - 开始同步每日行情数据: trade_date=None, start_date=20221101, end_date=20251031
2025-10-31 17:48:37,968 - app.services.tushare_daily_service - INFO - 每日行情数据同步完成: 总计7840条记录
2025-10-31 17:48:38,977 - app.services.tushare_daily_service - INFO - 开始同步每日行情数据: trade_date=None, start_date=20221101, end_date=20251031
2025-10-31 17:48:40,543 - app.services.tushare_daily_service - INFO - 每日行情数据同步完成: 总计7840条记录
2025-10-31 17:48:41,555 - app.services.tushare_daily_service - INFO - 开始同步每日行情数据: trade_date=None, start_date=20221101, end_date=20251031
2025-10-31 17:48:43,051 - app.services.tushare_daily_service - INFO - 每日行情数据同步完成: 总计7840条记录
2025-10-31 17:48:44,061 - app.services.tushare_daily_service - INFO - 开始同步每日行情数据: trade_date=None, start_date=20221101, end_date=20251031
2025-10-31 17:48:45,567 - app.services.tushare_daily_service - INFO - 每日行情数据同步完成: 总计7840条记录
2025-10-31 17:48:46,577 - app.services.tushare_daily_service - INFO - 开始同步每日行情数据: trade_date=None, start_date=20221101, end_date=20251031
2025-10-31 17:48:48,116 - app.services.tushare_daily_service - INFO - 每日行情数据同步完成: 总计7840条记录
2025-10-31 17:48:49,124 - app.services.tushare_daily_service - INFO - 开始同步每日行情数据: trade_date=None, start_date=20221101, end_date=20251031
2025-10-31 17:48:50,633 - app.services.tushare_daily_service - INFO - 每日行情数据同步完成: 总计7840条记录
2025-10-31 17:48:51,647 - app.services.tushare_daily_service - INFO - 开始同步每日行情数据: trade_date=None, start_date=20221101, end_date=20251031
2025-10-31 17:48:53,131 - app.services.tushare_daily_service - INFO - 每日行情数据同步完成: 总计7840条记录
2025-10-31 17:48:54,134 - app.services.tushare_daily_service - INFO - 开始同步每日行情数据: trade_date=None, start_date=20221101, end_date=20251031
2025-10-31 17:48:55,720 - app.services.tushare_daily_service - INFO - 每日行情数据同步完成: 总计7840条记录
2025-10-31 17:48:56,722 - app.services.tushare_daily_service - INFO - 开始同步每日行情数据: trade_date=None, start_date=20221101, end_date=20251031
2025-10-31 17:48:58,223 - app.services.tushare_daily_service - INFO - 每日行情数据同步完成: 总计7840条记录
2025-10-31 17:48:59,235 - app.services.tushare_daily_service - INFO - 开始同步每日行情数据: trade_date=None, start_date=20221101, end_date=20251031
2025-10-31 17:49:00,856 - app.services.tushare_daily_service - INFO - 每日行情数据同步完成: 总计7840条记录
2025-10-31 17:49:01,866 - app.services.tushare_daily_service - INFO - 开始同步每日行情数据: trade_date=None, start_date=20221101, end_date=20251031
2025-10-31 17:49:03,375 - app.services.tushare_daily_service - INFO - 每日行情数据同步完成: 总计7840条记录
2025-10-31 17:49:04,386 - app.services.tushare_daily_service - INFO - 开始同步每日行情数据: trade_date=None, start_date=20221101, end_date=20251031
2025-10-31 17:49:05,906 - app.services.tushare_daily_service - INFO - 每日行情数据同步完成: 总计7840条记录
2025-10-31 17:49:06,914 - app.services.tushare_daily_service - INFO - 开始同步每日行情数据: trade_date=None, start_date=20221101, end_date=20251031
2025-10-31 17:49:08,473 - app.services.tushare_daily_service - INFO - 每日行情数据同步完成: 总计7840条记录
2025-10-31 17:49:09,483 - app.services.tushare_daily_service - INFO - 开始同步每日行情数据: trade_date=None, start_date=20221101, end_date=20251031
2025-10-31 17:49:11,036 - app.services.tushare_daily_service - INFO - 每日行情数据同步完成: 总计7840条记录
2025-10-31 17:49:12,038 - app.services.tushare_daily_service - INFO - 开始同步每日行情数据: trade_date=None, start_date=20221101, end_date=20251031
2025-10-31 17:49:13,526 - app.services.tushare_daily_service - INFO - 每日行情数据同步完成: 总计7840条记录
2025-10-31 17:49:14,543 - app.services.tushare_daily_service - INFO - 开始同步每日行情数据: trade_date=None, start_date=20221101, end_date=20251031
2025-10-31 17:49:16,078 - app.services.tushare_daily_service - INFO - 每日行情数据同步完成: 总计7840条记录
2025-10-31 17:49:17,082 - app.services.tushare_daily_service - INFO - 开始同步每日行情数据: trade_date=None, start_date=20221101, end_date=20251031
2025-10-31 17:49:18,619 - app.services.tushare_daily_service - INFO - 每日行情数据同步完成: 总计7840条记录
2025-10-31 17:49:19,634 - app.services.tushare_daily_service - INFO - 开始同步每日行情数据: trade_date=None, start_date=20221101, end_date=20251031
2025-10-31 17:49:21,157 - app.services.tushare_daily_service - INFO - 每日行情数据同步完成: 总计7840条记录
2025-10-31 17:49:22,160 - app.services.tushare_daily_service - INFO - 开始同步每日行情数据: trade_date=None, start_date=20221101, end_date=20251031
2025-10-31 17:49:23,643 - app.services.tushare_daily_service - INFO - 每日行情数据同步完成: 总计7840条记录
2025-10-31 17:49:24,646 - app.services.tushare_daily_service - INFO - 开始同步每日行情数据: trade_date=None, start_date=20221101, end_date=20251031
2025-10-31 17:49:26,155 - app.services.tushare_daily_service - INFO - 每日行情数据同步完成: 总计7840条记录
2025-10-31 17:49:27,167 - app.services.tushare_daily_service - INFO - 开始同步每日行情数据: trade_date=None, start_date=20221101, end_date=20251031
2025-10-31 17:49:28,677 - app.services.tushare_daily_service - INFO - 每日行情数据同步完成: 总计7840条记录
2025-10-31 17:49:29,683 - app.services.tushare_daily_service - INFO - 开始同步每日行情数据: trade_date=None, start_date=20221101, end_date=20251031
2025-10-31 17:49:31,225 - app.services.tushare_daily_service - INFO - 每日行情数据同步完成: 总计7840条记录
2025-10-31 17:49:32,240 - app.services.tushare_daily_service - INFO - 开始同步每日行情数据: trade_date=None, start_date=20221101, end_date=20251031
2025-10-31 17:49:33,759 - app.services.tushare_daily_service - INFO - 每日行情数据同步完成: 总计7840条记录
2025-10-31 17:49:34,762 - app.services.tushare_daily_service - INFO - 开始同步每日行情数据: trade_date=None, start_date=20221101, end_date=20251031
2025-10-31 17:49:36,402 - app.services.tushare_daily_service - INFO - 每日行情数据同步完成: 总计7840条记录
2025-10-31 17:49:37,411 - app.services.tushare_daily_service - INFO - 开始同步每日行情数据: trade_date=None, start_date=20221101, end_date=20251031
2025-10-31 17:49:38,968 - app.services.tushare_daily_service - INFO - 每日行情数据同步完成: 总计7840条记录
2025-10-31 17:49:39,975 - app.services.tushare_daily_service - INFO - 开始同步每日行情数据: trade_date=None, start_date=20221101, end_date=20251031
2025-10-31 17:49:41,500 - app.services.tushare_daily_service - INFO - 每日行情数据同步完成: 总计7840条记录
2025-10-31 17:49:42,506 - app.services.tushare_daily_service - INFO - 开始同步每日行情数据: trade_date=None, start_date=20221101, end_date=20251031
2025-10-31 17:49:44,038 - app.services.tushare_daily_service - INFO - 每日行情数据同步完成: 总计7840条记录
2025-10-31 17:49:45,050 - app.services.tushare_daily_service - INFO - 开始同步每日行情数据: trade_date=None, start_date=20221101, end_date=20251031
2025-10-31 17:49:46,703 - app.services.tushare_daily_service - INFO - 每日行情数据同步完成: 总计7840条记录
2025-10-31 17:49:47,710 - app.services.tushare_daily_service - INFO - 开始同步每日行情数据: trade_date=None, start_date=20221101, end_date=20251031
2025-10-31 17:49:49,246 - app.services.tushare_daily_service - INFO - 每日行情数据同步完成: 总计7840条记录
2025-10-31 17:49:50,260 - app.services.tushare_daily_service - INFO - 开始同步每日行情数据: trade_date=None, start_date=20221101, end_date=20251031
2025-10-31 17:49:51,780 - app.services.tushare_daily_service - INFO - 每日行情数据同步完成: 总计7840条记录
2025-10-31 17:49:52,797 - app.services.tushare_daily_service - INFO - 开始同步每日行情数据: trade_date=None, start_date=20221101, end_date=20251031
2025-10-31 17:49:54,282 - app.services.tushare_daily_service - INFO - 每日行情数据同步完成: 总计7840条记录
2025-10-31 17:49:55,298 - app.services.tushare_daily_service - INFO - 开始同步每日行情数据: trade_date=None, start_date=20221101, end_date=20251031
2025-10-31 17:49:56,997 - app.services.tushare_daily_service - INFO - 每日行情数据同步完成: 总计7840条记录
2025-10-31 17:49:58,007 - app.services.tushare_daily_service - INFO - 开始同步每日行情数据: trade_date=None, start_date=20221101, end_date=20251031
2025-10-31 17:49:59,551 - app.services.tushare_daily_service - INFO - 每日行情数据同步完成: 总计7840条记录
2025-10-31 17:50:00,558 - app.services.tushare_daily_service - INFO - 开始同步每日行情数据: trade_date=None, start_date=20221101, end_date=20251031
2025-10-31 17:50:02,064 - app.services.tushare_daily_service - INFO - 每日行情数据同步完成: 总计7840条记录
2025-10-31 17:50:03,079 - app.services.tushare_daily_service - INFO - 开始同步每日行情数据: trade_date=None, start_date=20221101, end_date=20251031
2025-10-31 17:50:04,579 - app.services.tushare_daily_service - INFO - 每日行情数据同步完成: 总计7840条记录
2025-10-31 17:50:05,587 - app.services.tushare_daily_service - INFO - 开始同步每日行情数据: trade_date=None, start_date=20221101, end_date=20251031
2025-10-31 17:50:07,101 - app.services.tushare_daily_service - INFO - 每日行情数据同步完成: 总计7840条记录
2025-10-31 17:50:08,113 - app.services.tushare_daily_service - INFO - 开始同步每日行情数据: trade_date=None, start_date=20221101, end_date=20251031
2025-10-31 17:50:09,667 - app.services.tushare_daily_service - INFO - 每日行情数据同步完成: 总计7840条记录
2025-10-31 17:50:10,682 - app.services.tushare_daily_service - INFO - 开始同步每日行情数据: trade_date=None, start_date=20221101, end_date=20251031
2025-10-31 17:50:11,017 - app.services.tushare_daily_service - INFO - 每日行情数据同步完成: 总计1568条记录
2025-10-31 17:50:11,017 - app.services.tushare_daily_service - INFO - 同步每日指标: 20221101 - 20251031
2025-10-31 17:50:11,202 - app.services.strategy_database_service - ERROR - 数据库连接失败: 'str' object has no attribute 'strftime'
2025-10-31 17:50:11,202 - app.services.tushare_daily_service - ERROR - 获取交易日期失败: 'str' object has no attribute 'strftime'
2025-10-31 17:50:11,401 - app.services.strategy_database_service - ERROR - 数据库连接失败: 'str' object has no attribute 'strftime'
2025-10-31 17:50:11,402 - app.services.tushare_daily_service - ERROR - 获取交易日期失败: 'str' object has no attribute 'strftime'
2025-10-31 17:50:11,651 - app.services.strategy_database_service - ERROR - 数据库连接失败: 'str' object has no attribute 'strftime'
2025-10-31 17:50:11,651 - app.services.tushare_daily_service - ERROR - 获取交易日期失败: 'str' object has no attribute 'strftime'
2025-10-31 17:50:11,902 - app.services.strategy_database_service - ERROR - 数据库连接失败: 'str' object has no attribute 'strftime'
2025-10-31 17:50:11,902 - app.services.tushare_daily_service - ERROR - 获取交易日期失败: 'str' object has no attribute 'strftime'
2025-10-31 17:50:12,147 - app.services.strategy_database_service - ERROR - 数据库连接失败: 'str' object has no attribute 'strftime'
2025-10-31 17:50:12,148 - app.services.tushare_daily_service - ERROR - 获取交易日期失败: 'str' object has no attribute 'strftime'
2025-10-31 17:50:12,367 - app.services.strategy_database_service - ERROR - 数据库连接失败: 'str' object has no attribute 'strftime'
2025-10-31 17:50:12,368 - app.services.tushare_daily_service - ERROR - 获取交易日期失败: 'str' object has no attribute 'strftime'
2025-10-31 17:50:12,600 - app.services.strategy_database_service - ERROR - 数据库连接失败: 'str' object has no attribute 'strftime'
2025-10-31 17:50:12,600 - app.services.tushare_daily_service - ERROR - 获取交易日期失败: 'str' object has no attribute 'strftime'
2025-10-31 17:50:12,851 - app.services.strategy_database_service - ERROR - 数据库连接失败: 'str' object has no attribute 'strftime'
2025-10-31 17:50:12,851 - app.services.tushare_daily_service - ERROR - 获取交易日期失败: 'str' object has no attribute 'strftime'
2025-10-31 17:50:13,113 - app.services.strategy_database_service - ERROR - 数据库连接失败: 'str' object has no attribute 'strftime'
2025-10-31 17:50:13,113 - app.services.tushare_daily_service - ERROR - 获取交易日期失败: 'str' object has no attribute 'strftime'
2025-10-31 17:50:13,349 - app.services.strategy_database_service - ERROR - 数据库连接失败: 'str' object has no attribute 'strftime'
2025-10-31 17:50:13,349 - app.services.tushare_daily_service - ERROR - 获取交易日期失败: 'str' object has no attribute 'strftime'
2025-10-31 17:50:14,588 - app.services.tushare_daily_service - INFO - 同步每日指标: 20221101 - 20251031
2025-10-31 17:50:14,609 - app.services.strategy_database_service - ERROR - 数据库连接失败: 'str' object has no attribute 'strftime'
2025-10-31 17:50:14,610 - app.services.tushare_daily_service - ERROR - 获取交易日期失败: 'str' object has no attribute 'strftime'
2025-10-31 17:50:14,890 - app.services.strategy_database_service - ERROR - 数据库连接失败: 'str' object has no attribute 'strftime'
2025-10-31 17:50:14,891 - app.services.tushare_daily_service - ERROR - 获取交易日期失败: 'str' object has no attribute 'strftime'
2025-10-31 17:50:15,152 - app.services.strategy_database_service - ERROR - 数据库连接失败: 'str' object has no attribute 'strftime'
2025-10-31 17:50:15,153 - app.services.tushare_daily_service - ERROR - 获取交易日期失败: 'str' object has no attribute 'strftime'
2025-10-31 17:50:15,402 - app.services.strategy_database_service - ERROR - 数据库连接失败: 'str' object has no attribute 'strftime'
2025-10-31 17:50:15,403 - app.services.tushare_daily_service - ERROR - 获取交易日期失败: 'str' object has no attribute 'strftime'
2025-10-31 17:50:15,665 - app.services.strategy_database_service - ERROR - 数据库连接失败: 'str' object has no attribute 'strftime'
2025-10-31 17:50:15,665 - app.services.tushare_daily_service - ERROR - 获取交易日期失败: 'str' object has no attribute 'strftime'
2025-10-31 17:50:15,913 - app.services.strategy_database_service - ERROR - 数据库连接失败: 'str' object has no attribute 'strftime'
2025-10-31 17:50:15,913 - app.services.tushare_daily_service - ERROR - 获取交易日期失败: 'str' object has no attribute 'strftime'
2025-10-31 17:50:16,130 - app.services.strategy_database_service - ERROR - 数据库连接失败: 'str' object has no attribute 'strftime'
2025-10-31 17:50:16,130 - app.services.tushare_daily_service - ERROR - 获取交易日期失败: 'str' object has no attribute 'strftime'
2025-10-31 17:50:16,349 - app.services.strategy_database_service - ERROR - 数据库连接失败: 'str' object has no attribute 'strftime'
2025-10-31 17:50:16,349 - app.services.tushare_daily_service - ERROR - 获取交易日期失败: 'str' object has no attribute 'strftime'
2025-10-31 17:50:16,553 - app.services.strategy_database_service - ERROR - 数据库连接失败: 'str' object has no attribute 'strftime'
2025-10-31 17:50:16,553 - app.services.tushare_daily_service - ERROR - 获取交易日期失败: 'str' object has no attribute 'strftime'
2025-10-31 17:50:16,785 - app.services.strategy_database_service - ERROR - 数据库连接失败: 'str' object has no attribute 'strftime'
2025-10-31 17:50:16,786 - app.services.tushare_daily_service - ERROR - 获取交易日期失败: 'str' object has no attribute 'strftime'
2025-10-31 17:50:18,010 - app.services.tushare_daily_service - INFO - 同步每日指标: 20221101 - 20251031
2025-10-31 17:50:18,031 - app.services.strategy_database_service - ERROR - 数据库连接失败: 'str' object has no attribute 'strftime'
2025-10-31 17:50:18,031 - app.services.tushare_daily_service - ERROR - 获取交易日期失败: 'str' object has no attribute 'strftime'
2025-10-31 17:50:18,248 - app.services.strategy_database_service - ERROR - 数据库连接失败: 'str' object has no attribute 'strftime'
2025-10-31 17:50:18,249 - app.services.tushare_daily_service - ERROR - 获取交易日期失败: 'str' object has no attribute 'strftime'
2025-10-31 17:50:18,482 - app.services.strategy_database_service - ERROR - 数据库连接失败: 'str' object has no attribute 'strftime'
2025-10-31 17:50:18,482 - app.services.tushare_daily_service - ERROR - 获取交易日期失败: 'str' object has no attribute 'strftime'
2025-10-31 17:50:18,685 - app.services.strategy_database_service - ERROR - 数据库连接失败: 'str' object has no attribute 'strftime'
2025-10-31 17:50:18,685 - app.services.tushare_daily_service - ERROR - 获取交易日期失败: 'str' object has no attribute 'strftime'
2025-10-31 17:50:18,932 - app.services.strategy_database_service - ERROR - 数据库连接失败: 'str' object has no attribute 'strftime'
2025-10-31 17:50:18,932 - app.services.tushare_daily_service - ERROR - 获取交易日期失败: 'str' object has no attribute 'strftime'
2025-10-31 17:50:19,134 - app.services.strategy_database_service - ERROR - 数据库连接失败: 'str' object has no attribute 'strftime'
2025-10-31 17:50:19,135 - app.services.tushare_daily_service - ERROR - 获取交易日期失败: 'str' object has no attribute 'strftime'
2025-10-31 17:50:19,337 - app.services.strategy_database_service - ERROR - 数据库连接失败: 'str' object has no attribute 'strftime'
2025-10-31 17:50:19,338 - app.services.tushare_daily_service - ERROR - 获取交易日期失败: 'str' object has no attribute 'strftime'
2025-10-31 17:50:19,524 - app.services.strategy_database_service - ERROR - 数据库连接失败: 'str' object has no attribute 'strftime'
2025-10-31 17:50:19,524 - app.services.tushare_daily_service - ERROR - 获取交易日期失败: 'str' object has no attribute 'strftime'
2025-10-31 17:50:19,710 - app.services.strategy_database_service - ERROR - 数据库连接失败: 'str' object has no attribute 'strftime'
2025-10-31 17:50:19,710 - app.services.tushare_daily_service - ERROR - 获取交易日期失败: 'str' object has no attribute 'strftime'
2025-10-31 17:50:19,927 - app.services.strategy_database_service - ERROR - 数据库连接失败: 'str' object has no attribute 'strftime'
2025-10-31 17:50:19,928 - app.services.tushare_daily_service - ERROR - 获取交易日期失败: 'str' object has no attribute 'strftime'
2025-10-31 17:50:21,138 - app.services.tushare_daily_service - INFO - 同步每日指标: 20221101 - 20251031
2025-10-31 17:50:21,160 - app.services.strategy_database_service - ERROR - 数据库连接失败: 'str' object has no attribute 'strftime'
2025-10-31 17:50:21,161 - app.services.tushare_daily_service - ERROR - 获取交易日期失败: 'str' object has no attribute 'strftime'
2025-10-31 17:50:21,361 - app.services.strategy_database_service - ERROR - 数据库连接失败: 'str' object has no attribute 'strftime'
2025-10-31 17:50:21,361 - app.services.tushare_daily_service - ERROR - 获取交易日期失败: 'str' object has no attribute 'strftime'
2025-10-31 17:50:21,579 - app.services.strategy_database_service - ERROR - 数据库连接失败: 'str' object has no attribute 'strftime'
2025-10-31 17:50:21,580 - app.services.tushare_daily_service - ERROR - 获取交易日期失败: 'str' object has no attribute 'strftime'
2025-10-31 17:50:21,797 - app.services.strategy_database_service - ERROR - 数据库连接失败: 'str' object has no attribute 'strftime'
2025-10-31 17:50:21,797 - app.services.tushare_daily_service - ERROR - 获取交易日期失败: 'str' object has no attribute 'strftime'
2025-10-31 17:50:22,044 - app.services.strategy_database_service - ERROR - 数据库连接失败: 'str' object has no attribute 'strftime'
2025-10-31 17:50:22,045 - app.services.tushare_daily_service - ERROR - 获取交易日期失败: 'str' object has no attribute 'strftime'
2025-10-31 17:50:22,278 - app.services.strategy_database_service - ERROR - 数据库连接失败: 'str' object has no attribute 'strftime'
2025-10-31 17:50:22,279 - app.services.tushare_daily_service - ERROR - 获取交易日期失败: 'str' object has no attribute 'strftime'
2025-10-31 17:50:22,497 - app.services.strategy_database_service - ERROR - 数据库连接失败: 'str' object has no attribute 'strftime'
2025-10-31 17:50:22,497 - app.services.tushare_daily_service - ERROR - 获取交易日期失败: 'str' object has no attribute 'strftime'
2025-10-31 17:50:22,730 - app.services.strategy_database_service - ERROR - 数据库连接失败: 'str' object has no attribute 'strftime'
2025-10-31 17:50:22,730 - app.services.tushare_daily_service - ERROR - 获取交易日期失败: 'str' object has no attribute 'strftime'
2025-10-31 17:50:22,947 - app.services.strategy_database_service - ERROR - 数据库连接失败: 'str' object has no attribute 'strftime'
2025-10-31 17:50:22,948 - app.services.tushare_daily_service - ERROR - 获取交易日期失败: 'str' object has no attribute 'strftime'
2025-10-31 17:50:23,132 - app.services.strategy_database_service - ERROR - 数据库连接失败: 'str' object has no attribute 'strftime'
2025-10-31 17:50:23,133 - app.services.tushare_daily_service - ERROR - 获取交易日期失败: 'str' object has no attribute 'strftime'
2025-10-31 17:50:24,326 - app.services.tushare_daily_service - INFO - 同步每日指标: 20221101 - 20251031
2025-10-31 17:50:24,332 - app.services.strategy_database_service - ERROR - 数据库连接失败: 'str' object has no attribute 'strftime'
2025-10-31 17:50:24,332 - app.services.tushare_daily_service - ERROR - 获取交易日期失败: 'str' object has no attribute 'strftime'
2025-10-31 17:50:24,533 - app.services.strategy_database_service - ERROR - 数据库连接失败: 'str' object has no attribute 'strftime'
2025-10-31 17:50:24,533 - app.services.tushare_daily_service - ERROR - 获取交易日期失败: 'str' object has no attribute 'strftime'
2025-10-31 17:50:24,718 - app.services.strategy_database_service - ERROR - 数据库连接失败: 'str' object has no attribute 'strftime'
2025-10-31 17:50:24,718 - app.services.tushare_daily_service - ERROR - 获取交易日期失败: 'str' object has no attribute 'strftime'
2025-10-31 17:50:24,937 - app.services.strategy_database_service - ERROR - 数据库连接失败: 'str' object has no attribute 'strftime'
2025-10-31 17:50:24,937 - app.services.tushare_daily_service - ERROR - 获取交易日期失败: 'str' object has no attribute 'strftime'
2025-10-31 17:50:25,202 - app.services.strategy_database_service - ERROR - 数据库连接失败: 'str' object has no attribute 'strftime'
2025-10-31 17:50:25,202 - app.services.tushare_daily_service - ERROR - 获取交易日期失败: 'str' object has no attribute 'strftime'
2025-10-31 17:50:25,420 - app.services.strategy_database_service - ERROR - 数据库连接失败: 'str' object has no attribute 'strftime'
2025-10-31 17:50:25,421 - app.services.tushare_daily_service - ERROR - 获取交易日期失败: 'str' object has no attribute 'strftime'
2025-10-31 17:50:25,608 - app.services.strategy_database_service - ERROR - 数据库连接失败: 'str' object has no attribute 'strftime'
2025-10-31 17:50:25,609 - app.services.tushare_daily_service - ERROR - 获取交易日期失败: 'str' object has no attribute 'strftime'
2025-10-31 17:50:25,811 - app.services.strategy_database_service - ERROR - 数据库连接失败: 'str' object has no attribute 'strftime'
2025-10-31 17:50:25,811 - app.services.tushare_daily_service - ERROR - 获取交易日期失败: 'str' object has no attribute 'strftime'
2025-10-31 17:50:26,012 - app.services.strategy_database_service - ERROR - 数据库连接失败: 'str' object has no attribute 'strftime'
2025-10-31 17:50:26,013 - app.services.tushare_daily_service - ERROR - 获取交易日期失败: 'str' object has no attribute 'strftime'
2025-10-31 17:50:26,199 - app.services.strategy_database_service - ERROR - 数据库连接失败: 'str' object has no attribute 'strftime'
2025-10-31 17:50:26,200 - app.services.tushare_daily_service - ERROR - 获取交易日期失败: 'str' object has no attribute 'strftime'
2025-10-31 17:50:27,406 - app.services.tushare_daily_service - INFO - 同步每日指标: 20221101 - 20251031
2025-10-31 17:50:27,426 - app.services.strategy_database_service - ERROR - 数据库连接失败: 'str' object has no attribute 'strftime'
2025-10-31 17:50:27,427 - app.services.tushare_daily_service - ERROR - 获取交易日期失败: 'str' object has no attribute 'strftime'
2025-10-31 17:50:27,646 - app.services.strategy_database_service - ERROR - 数据库连接失败: 'str' object has no attribute 'strftime'
2025-10-31 17:50:27,646 - app.services.tushare_daily_service - ERROR - 获取交易日期失败: 'str' object has no attribute 'strftime'
2025-10-31 17:50:27,894 - app.services.strategy_database_service - ERROR - 数据库连接失败: 'str' object has no attribute 'strftime'
2025-10-31 17:50:27,894 - app.services.tushare_daily_service - ERROR - 获取交易日期失败: 'str' object has no attribute 'strftime'
2025-10-31 17:50:28,112 - app.services.strategy_database_service - ERROR - 数据库连接失败: 'str' object has no attribute 'strftime'
2025-10-31 17:50:28,112 - app.services.tushare_daily_service - ERROR - 获取交易日期失败: 'str' object has no attribute 'strftime'
2025-10-31 17:50:28,315 - app.services.strategy_database_service - ERROR - 数据库连接失败: 'str' object has no attribute 'strftime'
2025-10-31 17:50:28,316 - app.services.tushare_daily_service - ERROR - 获取交易日期失败: 'str' object has no attribute 'strftime'
2025-10-31 17:50:28,530 - app.services.strategy_database_service - ERROR - 数据库连接失败: 'str' object has no attribute 'strftime'
2025-10-31 17:50:28,530 - app.services.tushare_daily_service - ERROR - 获取交易日期失败: 'str' object has no attribute 'strftime'
2025-10-31 17:50:28,731 - app.services.strategy_database_service - ERROR - 数据库连接失败: 'str' object has no attribute 'strftime'
2025-10-31 17:50:28,731 - app.services.tushare_daily_service - ERROR - 获取交易日期失败: 'str' object has no attribute 'strftime'
2025-10-31 17:50:28,948 - app.services.strategy_database_service - ERROR - 数据库连接失败: 'str' object has no attribute 'strftime'
2025-10-31 17:50:28,949 - app.services.tushare_daily_service - ERROR - 获取交易日期失败: 'str' object has no attribute 'strftime'
2025-10-31 17:50:29,152 - app.services.strategy_database_service - ERROR - 数据库连接失败: 'str' object has no attribute 'strftime'
2025-10-31 17:50:29,152 - app.services.tushare_daily_service - ERROR - 获取交易日期失败: 'str' object has no attribute 'strftime'
2025-10-31 17:50:29,355 - app.services.strategy_database_service - ERROR - 数据库连接失败: 'str' object has no attribute 'strftime'
2025-10-31 17:50:29,355 - app.services.tushare_daily_service - ERROR - 获取交易日期失败: 'str' object has no attribute 'strftime'
2025-10-31 17:50:30,552 - app.services.tushare_daily_service - INFO - 同步每日指标: 20221101 - 20251031
2025-10-31 17:50:30,558 - app.services.strategy_database_service - ERROR - 数据库连接失败: 'str' object has no attribute 'strftime'
2025-10-31 17:50:30,559 - app.services.tushare_daily_service - ERROR - 获取交易日期失败: 'str' object has no attribute 'strftime'
2025-10-31 17:50:30,743 - app.services.strategy_database_service - ERROR - 数据库连接失败: 'str' object has no attribute 'strftime'
2025-10-31 17:50:30,743 - app.services.tushare_daily_service - ERROR - 获取交易日期失败: 'str' object has no attribute 'strftime'
2025-10-31 17:50:30,992 - app.services.strategy_database_service - ERROR - 数据库连接失败: 'str' object has no attribute 'strftime'
2025-10-31 17:50:30,992 - app.services.tushare_daily_service - ERROR - 获取交易日期失败: 'str' object has no attribute 'strftime'
2025-10-31 17:50:31,228 - app.services.strategy_database_service - ERROR - 数据库连接失败: 'str' object has no attribute 'strftime'
2025-10-31 17:50:31,229 - app.services.tushare_daily_service - ERROR - 获取交易日期失败: 'str' object has no attribute 'strftime'
2025-10-31 17:50:31,445 - app.services.strategy_database_service - ERROR - 数据库连接失败: 'str' object has no attribute 'strftime'
2025-10-31 17:50:31,446 - app.services.tushare_daily_service - ERROR - 获取交易日期失败: 'str' object has no attribute 'strftime'
2025-10-31 17:50:31,662 - app.services.strategy_database_service - ERROR - 数据库连接失败: 'str' object has no attribute 'strftime'
2025-10-31 17:50:31,662 - app.services.tushare_daily_service - ERROR - 获取交易日期失败: 'str' object has no attribute 'strftime'
2025-10-31 17:50:31,865 - app.services.strategy_database_service - ERROR - 数据库连接失败: 'str' object has no attribute 'strftime'
2025-10-31 17:50:31,865 - app.services.tushare_daily_service - ERROR - 获取交易日期失败: 'str' object has no attribute 'strftime'
2025-10-31 17:50:32,114 - app.services.strategy_database_service - ERROR - 数据库连接失败: 'str' object has no attribute 'strftime'
2025-10-31 17:50:32,114 - app.services.tushare_daily_service - ERROR - 获取交易日期失败: 'str' object has no attribute 'strftime'
2025-10-31 17:50:32,314 - app.services.strategy_database_service - ERROR - 数据库连接失败: 'str' object has no attribute 'strftime'
2025-10-31 17:50:32,315 - app.services.tushare_daily_service - ERROR - 获取交易日期失败: 'str' object has no attribute 'strftime'
2025-10-31 17:50:32,518 - app.services.strategy_database_service - ERROR - 数据库连接失败: 'str' object has no attribute 'strftime'
2025-10-31 17:50:32,518 - app.services.tushare_daily_service - ERROR - 获取交易日期失败: 'str' object has no attribute 'strftime'
2025-10-31 17:50:33,710 - app.services.tushare_daily_service - INFO - 同步每日指标: 20221101 - 20251031
2025-10-31 17:50:33,718 - app.services.strategy_database_service - ERROR - 数据库连接失败: 'str' object has no attribute 'strftime'
2025-10-31 17:50:33,719 - app.services.tushare_daily_service - ERROR - 获取交易日期失败: 'str' object has no attribute 'strftime'
2025-10-31 17:50:33,948 - app.services.strategy_database_service - ERROR - 数据库连接失败: 'str' object has no attribute 'strftime'
2025-10-31 17:50:33,949 - app.services.tushare_daily_service - ERROR - 获取交易日期失败: 'str' object has no attribute 'strftime'
2025-10-31 17:50:34,152 - app.services.strategy_database_service - ERROR - 数据库连接失败: 'str' object has no attribute 'strftime'
2025-10-31 17:50:34,152 - app.services.tushare_daily_service - ERROR - 获取交易日期失败: 'str' object has no attribute 'strftime'
2025-10-31 17:50:34,369 - app.services.strategy_database_service - ERROR - 数据库连接失败: 'str' object has no attribute 'strftime'
2025-10-31 17:50:34,369 - app.services.tushare_daily_service - ERROR - 获取交易日期失败: 'str' object has no attribute 'strftime'
2025-10-31 17:50:34,570 - app.services.strategy_database_service - ERROR - 数据库连接失败: 'str' object has no attribute 'strftime'
2025-10-31 17:50:34,571 - app.services.tushare_daily_service - ERROR - 获取交易日期失败: 'str' object has no attribute 'strftime'
2025-10-31 17:50:34,772 - app.services.strategy_database_service - ERROR - 数据库连接失败: 'str' object has no attribute 'strftime'
2025-10-31 17:50:34,773 - app.services.tushare_daily_service - ERROR - 获取交易日期失败: 'str' object has no attribute 'strftime'
2025-10-31 17:50:35,036 - app.services.strategy_database_service - ERROR - 数据库连接失败: 'str' object has no attribute 'strftime'
2025-10-31 17:50:35,037 - app.services.tushare_daily_service - ERROR - 获取交易日期失败: 'str' object has no attribute 'strftime'
2025-10-31 17:50:35,251 - app.services.strategy_database_service - ERROR - 数据库连接失败: 'str' object has no attribute 'strftime'
2025-10-31 17:50:35,251 - app.services.tushare_daily_service - ERROR - 获取交易日期失败: 'str' object has no attribute 'strftime'
2025-10-31 17:50:35,437 - app.services.strategy_database_service - ERROR - 数据库连接失败: 'str' object has no attribute 'strftime'
2025-10-31 17:50:35,437 - app.services.tushare_daily_service - ERROR - 获取交易日期失败: 'str' object has no attribute 'strftime'
2025-10-31 17:50:35,624 - app.services.strategy_database_service - ERROR - 数据库连接失败: 'str' object has no attribute 'strftime'
2025-10-31 17:50:35,624 - app.services.tushare_daily_service - ERROR - 获取交易日期失败: 'str' object has no attribute 'strftime'
2025-10-31 17:50:36,862 - app.services.tushare_daily_service - INFO - 同步每日指标: 20221101 - 20251031
2025-10-31 17:50:36,869 - app.services.strategy_database_service - ERROR - 数据库连接失败: 'str' object has no attribute 'strftime'
2025-10-31 17:50:36,870 - app.services.tushare_daily_service - ERROR - 获取交易日期失败: 'str' object has no attribute 'strftime'
2025-10-31 17:50:37,127 - app.services.strategy_database_service - ERROR - 数据库连接失败: 'str' object has no attribute 'strftime'
2025-10-31 17:50:37,127 - app.services.tushare_daily_service - ERROR - 获取交易日期失败: 'str' object has no attribute 'strftime'
2025-10-31 17:50:37,361 - app.services.strategy_database_service - ERROR - 数据库连接失败: 'str' object has no attribute 'strftime'
2025-10-31 17:50:37,362 - app.services.tushare_daily_service - ERROR - 获取交易日期失败: 'str' object has no attribute 'strftime'
2025-10-31 17:50:37,643 - app.services.strategy_database_service - ERROR - 数据库连接失败: 'str' object has no attribute 'strftime'
2025-10-31 17:50:37,644 - app.services.tushare_daily_service - ERROR - 获取交易日期失败: 'str' object has no attribute 'strftime'
2025-10-31 17:50:37,861 - app.services.strategy_database_service - ERROR - 数据库连接失败: 'str' object has no attribute 'strftime'
2025-10-31 17:50:37,862 - app.services.tushare_daily_service - ERROR - 获取交易日期失败: 'str' object has no attribute 'strftime'
2025-10-31 17:50:38,094 - app.services.strategy_database_service - ERROR - 数据库连接失败: 'str' object has no attribute 'strftime'
2025-10-31 17:50:38,095 - app.services.tushare_daily_service - ERROR - 获取交易日期失败: 'str' object has no attribute 'strftime'
2025-10-31 17:50:38,297 - app.services.strategy_database_service - ERROR - 数据库连接失败: 'str' object has no attribute 'strftime'
2025-10-31 17:50:38,301 - app.services.tushare_daily_service - ERROR - 获取交易日期失败: 'str' object has no attribute 'strftime'
2025-10-31 17:50:38,544 - app.services.strategy_database_service - ERROR - 数据库连接失败: 'str' object has no attribute 'strftime'
2025-10-31 17:50:38,545 - app.services.tushare_daily_service - ERROR - 获取交易日期失败: 'str' object has no attribute 'strftime'
2025-10-31 17:50:38,761 - app.services.strategy_database_service - ERROR - 数据库连接失败: 'str' object has no attribute 'strftime'
2025-10-31 17:50:38,762 - app.services.tushare_daily_service - ERROR - 获取交易日期失败: 'str' object has no attribute 'strftime'
2025-10-31 17:50:39,008 - app.services.strategy_database_service - ERROR - 数据库连接失败: 'str' object has no attribute 'strftime'
2025-10-31 17:50:39,008 - app.services.tushare_daily_service - ERROR - 获取交易日期失败: 'str' object has no attribute 'strftime'
2025-10-31 17:50:40,262 - app.services.tushare_daily_service - INFO - 同步每日指标: 20221101 - 20251031
2025-10-31 17:50:40,280 - app.services.strategy_database_service - ERROR - 数据库连接失败: 'str' object has no attribute 'strftime'
2025-10-31 17:50:40,281 - app.services.tushare_daily_service - ERROR - 获取交易日期失败: 'str' object has no attribute 'strftime'
2025-10-31 17:50:40,661 - app.services.strategy_database_service - ERROR - 数据库连接失败: 'str' object has no attribute 'strftime'
2025-10-31 17:50:40,661 - app.services.tushare_daily_service - ERROR - 获取交易日期失败: 'str' object has no attribute 'strftime'
2025-10-31 17:50:41,048 - app.services.strategy_database_service - ERROR - 数据库连接失败: 'str' object has no attribute 'strftime'
2025-10-31 17:50:41,048 - app.services.tushare_daily_service - ERROR - 获取交易日期失败: 'str' object has no attribute 'strftime'
2025-10-31 17:50:41,359 - app.services.strategy_database_service - ERROR - 数据库连接失败: 'str' object has no attribute 'strftime'
2025-10-31 17:50:41,360 - app.services.tushare_daily_service - ERROR - 获取交易日期失败: 'str' object has no attribute 'strftime'
2025-10-31 17:50:41,639 - app.services.strategy_database_service - ERROR - 数据库连接失败: 'str' object has no attribute 'strftime'
2025-10-31 17:50:41,639 - app.services.tushare_daily_service - ERROR - 获取交易日期失败: 'str' object has no attribute 'strftime'
2025-10-31 17:50:41,871 - app.services.strategy_database_service - ERROR - 数据库连接失败: 'str' object has no attribute 'strftime'
2025-10-31 17:50:41,871 - app.services.tushare_daily_service - ERROR - 获取交易日期失败: 'str' object has no attribute 'strftime'
2025-10-31 17:50:42,103 - app.services.strategy_database_service - ERROR - 数据库连接失败: 'str' object has no attribute 'strftime'
2025-10-31 17:50:42,104 - app.services.tushare_daily_service - ERROR - 获取交易日期失败: 'str' object has no attribute 'strftime'
2025-10-31 17:50:42,323 - app.services.strategy_database_service - ERROR - 数据库连接失败: 'str' object has no attribute 'strftime'
2025-10-31 17:50:42,324 - app.services.tushare_daily_service - ERROR - 获取交易日期失败: 'str' object has no attribute 'strftime'
2025-10-31 17:50:42,523 - app.services.strategy_database_service - ERROR - 数据库连接失败: 'str' object has no attribute 'strftime'
2025-10-31 17:50:42,523 - app.services.tushare_daily_service - ERROR - 获取交易日期失败: 'str' object has no attribute 'strftime'
2025-10-31 17:50:42,742 - app.services.strategy_database_service - ERROR - 数据库连接失败: 'str' object has no attribute 'strftime'
2025-10-31 17:50:42,743 - app.services.tushare_daily_service - ERROR - 获取交易日期失败: 'str' object has no attribute 'strftime'
2025-10-31 17:50:44,064 - app.services.tushare_daily_service - INFO - 同步每日指标: 20221101 - 20251031
2025-10-31 17:50:44,073 - app.services.strategy_database_service - ERROR - 数据库连接失败: 'str' object has no attribute 'strftime'
2025-10-31 17:50:44,073 - app.services.tushare_daily_service - ERROR - 获取交易日期失败: 'str' object has no attribute 'strftime'
2025-10-31 17:50:44,416 - app.services.strategy_database_service - ERROR - 数据库连接失败: 'str' object has no attribute 'strftime'
2025-10-31 17:50:44,416 - app.services.tushare_daily_service - ERROR - 获取交易日期失败: 'str' object has no attribute 'strftime'
2025-10-31 17:50:44,807 - app.services.strategy_database_service - ERROR - 数据库连接失败: 'str' object has no attribute 'strftime'
2025-10-31 17:50:44,808 - app.services.tushare_daily_service - ERROR - 获取交易日期失败: 'str' object has no attribute 'strftime'
2025-10-31 17:50:45,150 - app.services.strategy_database_service - ERROR - 数据库连接失败: 'str' object has no attribute 'strftime'
2025-10-31 17:50:45,151 - app.services.tushare_daily_service - ERROR - 获取交易日期失败: 'str' object has no attribute 'strftime'
2025-10-31 17:50:45,523 - app.services.strategy_database_service - ERROR - 数据库连接失败: 'str' object has no attribute 'strftime'
2025-10-31 17:50:45,523 - app.services.tushare_daily_service - ERROR - 获取交易日期失败: 'str' object has no attribute 'strftime'
2025-10-31 17:50:45,883 - app.services.strategy_database_service - ERROR - 数据库连接失败: 'str' object has no attribute 'strftime'
2025-10-31 17:50:45,884 - app.services.tushare_daily_service - ERROR - 获取交易日期失败: 'str' object has no attribute 'strftime'
2025-10-31 17:50:46,241 - app.services.strategy_database_service - ERROR - 数据库连接失败: 'str' object has no attribute 'strftime'
2025-10-31 17:50:46,241 - app.services.tushare_daily_service - ERROR - 获取交易日期失败: 'str' object has no attribute 'strftime'
2025-10-31 17:50:46,565 - app.services.strategy_database_service - ERROR - 数据库连接失败: 'str' object has no attribute 'strftime'
2025-10-31 17:50:46,565 - app.services.tushare_daily_service - ERROR - 获取交易日期失败: 'str' object has no attribute 'strftime'
2025-10-31 17:50:46,906 - app.services.strategy_database_service - ERROR - 数据库连接失败: 'str' object has no attribute 'strftime'
2025-10-31 17:50:46,907 - app.services.tushare_daily_service - ERROR - 获取交易日期失败: 'str' object has no attribute 'strftime'
2025-10-31 17:50:47,297 - app.services.strategy_database_service - ERROR - 数据库连接失败: 'str' object has no attribute 'strftime'
2025-10-31 17:50:47,297 - app.services.tushare_daily_service - ERROR - 获取交易日期失败: 'str' object has no attribute 'strftime'
2025-10-31 17:50:48,634 - app.services.tushare_daily_service - INFO - 同步每日指标: 20221101 - 20251031
2025-10-31 17:50:48,658 - app.services.strategy_database_service - ERROR - 数据库连接失败: 'str' object has no attribute 'strftime'
2025-10-31 17:50:48,658 - app.services.tushare_daily_service - ERROR - 获取交易日期失败: 'str' object has no attribute 'strftime'
2025-10-31 17:50:48,970 - app.services.strategy_database_service - ERROR - 数据库连接失败: 'str' object has no attribute 'strftime'
2025-10-31 17:50:48,971 - app.services.tushare_daily_service - ERROR - 获取交易日期失败: 'str' object has no attribute 'strftime'
2025-10-31 17:50:49,297 - app.services.strategy_database_service - ERROR - 数据库连接失败: 'str' object has no attribute 'strftime'
2025-10-31 17:50:49,297 - app.services.tushare_daily_service - ERROR - 获取交易日期失败: 'str' object has no attribute 'strftime'
2025-10-31 17:50:49,668 - app.services.strategy_database_service - ERROR - 数据库连接失败: 'str' object has no attribute 'strftime'
2025-10-31 17:50:49,669 - app.services.tushare_daily_service - ERROR - 获取交易日期失败: 'str' object has no attribute 'strftime'
2025-10-31 17:50:50,030 - app.services.strategy_database_service - ERROR - 数据库连接失败: 'str' object has no attribute 'strftime'
2025-10-31 17:50:50,031 - app.services.tushare_daily_service - ERROR - 获取交易日期失败: 'str' object has no attribute 'strftime'
2025-10-31 17:50:50,388 - app.services.strategy_database_service - ERROR - 数据库连接失败: 'str' object has no attribute 'strftime'
2025-10-31 17:50:50,389 - app.services.tushare_daily_service - ERROR - 获取交易日期失败: 'str' object has no attribute 'strftime'
2025-10-31 17:50:50,713 - app.services.strategy_database_service - ERROR - 数据库连接失败: 'str' object has no attribute 'strftime'
2025-10-31 17:50:50,713 - app.services.tushare_daily_service - ERROR - 获取交易日期失败: 'str' object has no attribute 'strftime'
2025-10-31 17:50:51,086 - app.services.strategy_database_service - ERROR - 数据库连接失败: 'str' object has no attribute 'strftime'
2025-10-31 17:50:51,086 - app.services.tushare_daily_service - ERROR - 获取交易日期失败: 'str' object has no attribute 'strftime'
2025-10-31 17:50:51,399 - app.services.strategy_database_service - ERROR - 数据库连接失败: 'str' object has no attribute 'strftime'
2025-10-31 17:50:51,399 - app.services.tushare_daily_service - ERROR - 获取交易日期失败: 'str' object has no attribute 'strftime'
2025-10-31 17:50:51,725 - app.services.strategy_database_service - ERROR - 数据库连接失败: 'str' object has no attribute 'strftime'
2025-10-31 17:50:51,726 - app.services.tushare_daily_service - ERROR - 获取交易日期失败: 'str' object has no attribute 'strftime'
2025-10-31 17:50:53,055 - app.services.tushare_daily_service - INFO - 同步每日指标: 20221101 - 20251031
2025-10-31 17:50:53,079 - app.services.strategy_database_service - ERROR - 数据库连接失败: 'str' object has no attribute 'strftime'
2025-10-31 17:50:53,080 - app.services.tushare_daily_service - ERROR - 获取交易日期失败: 'str' object has no attribute 'strftime'
2025-10-31 17:50:53,390 - app.services.strategy_database_service - ERROR - 数据库连接失败: 'str' object has no attribute 'strftime'
2025-10-31 17:50:53,390 - app.services.tushare_daily_service - ERROR - 获取交易日期失败: 'str' object has no attribute 'strftime'
2025-10-31 17:50:53,701 - app.services.strategy_database_service - ERROR - 数据库连接失败: 'str' object has no attribute 'strftime'
2025-10-31 17:50:53,701 - app.services.tushare_daily_service - ERROR - 获取交易日期失败: 'str' object has no attribute 'strftime'
2025-10-31 17:50:54,015 - app.services.strategy_database_service - ERROR - 数据库连接失败: 'str' object has no attribute 'strftime'
2025-10-31 17:50:54,016 - app.services.tushare_daily_service - ERROR - 获取交易日期失败: 'str' object has no attribute 'strftime'
2025-10-31 17:50:54,327 - app.services.strategy_database_service - ERROR - 数据库连接失败: 'str' object has no attribute 'strftime'
2025-10-31 17:50:54,328 - app.services.tushare_daily_service - ERROR - 获取交易日期失败: 'str' object has no attribute 'strftime'
2025-10-31 17:50:54,621 - app.services.strategy_database_service - ERROR - 数据库连接失败: 'str' object has no attribute 'strftime'
2025-10-31 17:50:54,621 - app.services.tushare_daily_service - ERROR - 获取交易日期失败: 'str' object has no attribute 'strftime'
2025-10-31 17:50:54,976 - app.services.strategy_database_service - ERROR - 数据库连接失败: 'str' object has no attribute 'strftime'
2025-10-31 17:50:54,976 - app.services.tushare_daily_service - ERROR - 获取交易日期失败: 'str' object has no attribute 'strftime'
2025-10-31 17:50:55,302 - app.services.strategy_database_service - ERROR - 数据库连接失败: 'str' object has no attribute 'strftime'
2025-10-31 17:50:55,303 - app.services.tushare_daily_service - ERROR - 获取交易日期失败: 'str' object has no attribute 'strftime'
2025-10-31 17:50:55,695 - app.services.strategy_database_service - ERROR - 数据库连接失败: 'str' object has no attribute 'strftime'
2025-10-31 17:50:55,696 - app.services.tushare_daily_service - ERROR - 获取交易日期失败: 'str' object has no attribute 'strftime'
2025-10-31 17:50:56,052 - app.services.strategy_database_service - ERROR - 数据库连接失败: 'str' object has no attribute 'strftime'
2025-10-31 17:50:56,053 - app.services.tushare_daily_service - ERROR - 获取交易日期失败: 'str' object has no attribute 'strftime'
2025-10-31 17:50:57,410 - app.services.tushare_daily_service - INFO - 同步每日指标: 20221101 - 20251031
2025-10-31 17:50:57,419 - app.services.strategy_database_service - ERROR - 数据库连接失败: 'str' object has no attribute 'strftime'
2025-10-31 17:50:57,421 - app.services.tushare_daily_service - ERROR - 获取交易日期失败: 'str' object has no attribute 'strftime'
2025-10-31 17:50:57,806 - app.services.strategy_database_service - ERROR - 数据库连接失败: 'str' object has no attribute 'strftime'
2025-10-31 17:50:57,807 - app.services.tushare_daily_service - ERROR - 获取交易日期失败: 'str' object has no attribute 'strftime'
2025-10-31 17:50:58,228 - app.services.strategy_database_service - ERROR - 数据库连接失败: 'str' object has no attribute 'strftime'
2025-10-31 17:50:58,228 - app.services.tushare_daily_service - ERROR - 获取交易日期失败: 'str' object has no attribute 'strftime'
2025-10-31 17:50:58,541 - app.services.strategy_database_service - ERROR - 数据库连接失败: 'str' object has no attribute 'strftime'
2025-10-31 17:50:58,541 - app.services.tushare_daily_service - ERROR - 获取交易日期失败: 'str' object has no attribute 'strftime'
2025-10-31 17:50:58,852 - app.services.strategy_database_service - ERROR - 数据库连接失败: 'str' object has no attribute 'strftime'
2025-10-31 17:50:58,852 - app.services.tushare_daily_service - ERROR - 获取交易日期失败: 'str' object has no attribute 'strftime'
2025-10-31 17:50:59,194 - app.services.strategy_database_service - ERROR - 数据库连接失败: 'str' object has no attribute 'strftime'
2025-10-31 17:50:59,194 - app.services.tushare_daily_service - ERROR - 获取交易日期失败: 'str' object has no attribute 'strftime'
2025-10-31 17:50:59,518 - app.services.strategy_database_service - ERROR - 数据库连接失败: 'str' object has no attribute 'strftime'
2025-10-31 17:50:59,519 - app.services.tushare_daily_service - ERROR - 获取交易日期失败: 'str' object has no attribute 'strftime'
2025-10-31 17:50:59,844 - app.services.strategy_database_service - ERROR - 数据库连接失败: 'str' object has no attribute 'strftime'
2025-10-31 17:50:59,844 - app.services.tushare_daily_service - ERROR - 获取交易日期失败: 'str' object has no attribute 'strftime'
2025-10-31 17:51:00,218 - app.services.strategy_database_service - ERROR - 数据库连接失败: 'str' object has no attribute 'strftime'
2025-10-31 17:51:00,219 - app.services.tushare_daily_service - ERROR - 获取交易日期失败: 'str' object has no attribute 'strftime'
2025-10-31 17:51:00,559 - app.services.strategy_database_service - ERROR - 数据库连接失败: 'str' object has no attribute 'strftime'
2025-10-31 17:51:00,559 - app.services.tushare_daily_service - ERROR - 获取交易日期失败: 'str' object has no attribute 'strftime'
2025-10-31 17:51:01,887 - app.services.tushare_daily_service - INFO - 同步每日指标: 20221101 - 20251031
2025-10-31 17:51:01,911 - app.services.strategy_database_service - ERROR - 数据库连接失败: 'str' object has no attribute 'strftime'
2025-10-31 17:51:01,912 - app.services.tushare_daily_service - ERROR - 获取交易日期失败: 'str' object has no attribute 'strftime'
2025-10-31 17:51:02,237 - app.services.strategy_database_service - ERROR - 数据库连接失败: 'str' object has no attribute 'strftime'
2025-10-31 17:51:02,238 - app.services.tushare_daily_service - ERROR - 获取交易日期失败: 'str' object has no attribute 'strftime'
2025-10-31 17:51:02,595 - app.services.strategy_database_service - ERROR - 数据库连接失败: 'str' object has no attribute 'strftime'
2025-10-31 17:51:02,596 - app.services.tushare_daily_service - ERROR - 获取交易日期失败: 'str' object has no attribute 'strftime'
2025-10-31 17:51:02,922 - app.services.strategy_database_service - ERROR - 数据库连接失败: 'str' object has no attribute 'strftime'
2025-10-31 17:51:02,923 - app.services.tushare_daily_service - ERROR - 获取交易日期失败: 'str' object has no attribute 'strftime'
2025-10-31 17:51:03,265 - app.services.strategy_database_service - ERROR - 数据库连接失败: 'str' object has no attribute 'strftime'
2025-10-31 17:51:03,265 - app.services.tushare_daily_service - ERROR - 获取交易日期失败: 'str' object has no attribute 'strftime'
2025-10-31 17:51:03,577 - app.services.strategy_database_service - ERROR - 数据库连接失败: 'str' object has no attribute 'strftime'
2025-10-31 17:51:03,577 - app.services.tushare_daily_service - ERROR - 获取交易日期失败: 'str' object has no attribute 'strftime'
2025-10-31 17:51:03,934 - app.services.strategy_database_service - ERROR - 数据库连接失败: 'str' object has no attribute 'strftime'
2025-10-31 17:51:03,935 - app.services.tushare_daily_service - ERROR - 获取交易日期失败: 'str' object has no attribute 'strftime'
2025-10-31 17:51:04,258 - app.services.strategy_database_service - ERROR - 数据库连接失败: 'str' object has no attribute 'strftime'
2025-10-31 17:51:04,258 - app.services.tushare_daily_service - ERROR - 获取交易日期失败: 'str' object has no attribute 'strftime'
2025-10-31 17:51:04,507 - app.services.strategy_database_service - ERROR - 数据库连接失败: 'str' object has no attribute 'strftime'
2025-10-31 17:51:04,507 - app.services.tushare_daily_service - ERROR - 获取交易日期失败: 'str' object has no attribute 'strftime'
2025-10-31 17:51:04,724 - app.services.strategy_database_service - ERROR - 数据库连接失败: 'str' object has no attribute 'strftime'
2025-10-31 17:51:04,724 - app.services.tushare_daily_service - ERROR - 获取交易日期失败: 'str' object has no attribute 'strftime'
2025-10-31 17:51:05,925 - app.services.tushare_daily_service - INFO - 同步每日指标: 20221101 - 20251031
2025-10-31 17:51:05,931 - app.services.strategy_database_service - ERROR - 数据库连接失败: 'str' object has no attribute 'strftime'
2025-10-31 17:51:05,931 - app.services.tushare_daily_service - ERROR - 获取交易日期失败: 'str' object has no attribute 'strftime'
2025-10-31 17:51:06,148 - app.services.strategy_database_service - ERROR - 数据库连接失败: 'str' object has no attribute 'strftime'
2025-10-31 17:51:06,148 - app.services.tushare_daily_service - ERROR - 获取交易日期失败: 'str' object has no attribute 'strftime'
2025-10-31 17:51:06,349 - app.services.strategy_database_service - ERROR - 数据库连接失败: 'str' object has no attribute 'strftime'
2025-10-31 17:51:06,350 - app.services.tushare_daily_service - ERROR - 获取交易日期失败: 'str' object has no attribute 'strftime'
2025-10-31 17:51:07,000 - app.services.strategy_database_service - ERROR - 数据库连接失败: 'str' object has no attribute 'strftime'
2025-10-31 17:51:07,001 - app.services.tushare_daily_service - ERROR - 获取交易日期失败: 'str' object has no attribute 'strftime'
2025-10-31 17:51:07,264 - app.services.strategy_database_service - ERROR - 数据库连接失败: 'str' object has no attribute 'strftime'
2025-10-31 17:51:07,265 - app.services.tushare_daily_service - ERROR - 获取交易日期失败: 'str' object has no attribute 'strftime'
